Codepoint,Name
"00","NULL"
"01","START OF HEADING"
"02","START OF TEXT"
"03","END OF TEXT"
"04","END OF TRANSMISSION"
"05","ENQUIRY"
"06","ACKNOWLEDGE"
"07","BELL"
"08","BACKSPACE"
"09","CHARACTER TABULATION"
"0A","LINE FEED (LF)"
"0B","LINE TABULATION"
"0C","FORM FEED (FF)"
"0D","CARRIAGE RETURN (CR)"
"0E","SHIFT OUT"
"0F","SHIFT IN"
"10","DATA LINK ESCAPE"
"11","DEVICE CONTROL ONE"
"12","DEVICE CONTROL TWO"
"13","DEVICE CONTROL THREE"
"14","DEVICE CONTROL FOUR"
"15","NEGATIVE ACKNOWLEDGE"
"16","SYNCHRONOUS IDLE"
"17","END OF TRANSMISSION BLOCK"
"18","CANCEL"
"19","END OF MEDIUM"
"1A","SUBSTITUTE"
"1B","ESCAPE"
"1C","INFORMATION SEPARATOR FOUR"
"1D","INFORMATION SEPARATOR THREE"
"1E","INFORMATION SEPARATOR TWO"
"1F","INFORMATION SEPARATOR ONE"
"7F","DELETE"
"80","<control>"
"81","<control>"
"82","BREAK PERMITTED HERE"
"83","NO BREAK HERE"
"84","<control>"
"85","NEXT LINE (NEL)"
"86","START OF SELECTED AREA"
"87","END OF SELECTED AREA"
"88","CHARACTER TABULATION SET"
"89","CHARACTER TABULATION WITH JUSTIFICATION"
"8A","LINE TABULATION SET"
"8B","PARTIAL LINE FORWARD"
"8C","PARTIAL LINE BACKWARD"
"8D","REVERSE LINE FEED"
"8E","SINGLE SHIFT TWO"
"8F","SINGLE SHIFT THREE"
"90","DEVICE CONTROL STRING"
"91","PRIVATE USE ONE"
"92","PRIVATE USE TWO"
"93","SET TRANSMIT STATE"
"94","CANCEL CHARACTER"
"95","MESSAGE WAITING"
"96","START OF GUARDED AREA"
"97","END OF GUARDED AREA"
"98","START OF STRING"
"99","<control>"
"9A","SINGLE CHARACTER INTRODUCER"
"9B","CONTROL SEQUENCE INTRODUCER"
"9C","STRING TERMINATOR"
"9D","OPERATING SYSTEM COMMAND"
"9E","PRIVACY MESSAGE"
"9F","APPLICATION PROGRAM COMMAND"
"A0","NO-BREAK SPACE"
"AD","SOFT HYPHEN"
"34F","COMBINING GRAPHEME JOINER"
"61C","ARABIC LETTER MARK"
"115F","HANGUL CHOSEONG FILLER"
"1160","HANGUL JUNGSEONG FILLER"
"1680","OGHAM SPACE MARK"
"17B4","KHMER VOWEL INHERENT AQ"
"17B5","KHMER VOWEL INHERENT AA"
"180B","MONGOLIAN FREE VARIATION SELECTOR ONE"
"180C","MONGOLIAN FREE VARIATION SELECTOR TWO"
"180D","MONGOLIAN FREE VARIATION SELECTOR THREE"
"180E","MONGOLIAN VOWEL SEPARATOR"
"180F","MONGOLIAN FREE VARIATION SELECTOR FOUR"
"2000","EN QUAD"
"2001","EM QUAD"
"2002","EN SPACE"
"2003","EM SPACE"
"2004","THREE-PER-EM SPACE"
"2005","FOUR-PER-EM SPACE"
"2006","SIX-PER-EM SPACE"
"2007","FIGURE SPACE"
"2008","PUNCTUATION SPACE"
"2009","THIN SPACE"
"200A","HAIR SPACE"
"200B","ZERO WIDTH SPACE"
"200C","ZERO WIDTH NON-JOINER"
"200D","ZERO WIDTH JOINER"
"200E","LEFT-TO-RIGHT MARK"
"200F","RIGHT-TO-LEFT MARK"
"2028","LINE SEPARATOR"
"2029","PARAGRAPH SEPARATOR"
"202A","LEFT-TO-RIGHT EMBEDDING"
"202B","RIGHT-TO-LEFT EMBEDDING"
"202C","POP DIRECTIONAL FORMATTING"
"202D","LEFT-TO-RIGHT OVERRIDE"
"202E","RIGHT-TO-LEFT OVERRIDE"
"202F","NARROW NO-BREAK SPACE"
"205F","MEDIUM MATHEMATICAL SPACE"
"2060","WORD JOINER"
"2061","FUNCTION APPLICATION"
"2062","INVISIBLE TIMES"
"2063","INVISIBLE SEPARATOR"
"2064","INVISIBLE PLUS"
"2065","???-2065"
"2066","LEFT-TO-RIGHT ISOLATE"
"2067","RIGHT-TO-LEFT ISOLATE"
"2068","FIRST STRONG ISOLATE"
"2069","POP DIRECTIONAL ISOLATE"
"206A","INHIBIT SYMMETRIC SWAPPING"
"206B","ACTIVATE SYMMETRIC SWAPPING"
"206C","INHIBIT ARABIC FORM SHAPING"
"206D","ACTIVATE ARABIC FORM SHAPING"
"206E","NATIONAL DIGIT SHAPES"
"206F","NOMINAL DIGIT SHAPES"
"2800","BRAILLE PATTERN BLANK"
"3000","IDEOGRAPHIC SPACE"
"3164","HANGUL FILLER"
"FE00","VARIATION SELECTOR-1"
"FE01","VARIATION SELECTOR-2"
"FE02","VARIATION SELECTOR-3"
"FE03","VARIATION SELECTOR-4"
"FE04","VARIATION SELECTOR-5"
"FE05","VARIATION SELECTOR-6"
"FE06","VARIATION SELECTOR-7"
"FE07","VARIATION SELECTOR-8"
"FE08","VARIATION SELECTOR-9"
"FE09","VARIATION SELECTOR-10"
"FE0A","VARIATION SELECTOR-11"
"FE0B","VARIATION SELECTOR-12"
"FE0C","VARIATION SELECTOR-13"
"FE0D","VARIATION SELECTOR-14"
"FE0E","VARIATION SELECTOR-15"
"FE0F","VARIATION SELECTOR-16"
"FEFF","ZERO WIDTH NO-BREAK SPACE"
"FFA0","HALFWIDTH HANGUL FILLER"
"FFF0","???-FFF0"
"FFF1","???-FFF1"
"FFF2","???-FFF2"
"FFF3","???-FFF3"
"FFF4","???-FFF4"
"FFF5","???-FFF5"
"FFF6","???-FFF6"
"FFF7","???-FFF7"
"FFF8","???-FFF8"
"1BCA0","SHORTHAND FORMAT LETTER OVERLAP"
"1BCA1","SHORTHAND FORMAT CONTINUING OVERLAP"
"1BCA2","SHORTHAND FORMAT DOWN STEP"
"1BCA3","SHORTHAND FORMAT UP STEP"
"1D173","MUSICAL SYMBOL BEGIN BEAM"
"1D174","MUSICAL SYMBOL END BEAM"
"1D175","MUSICAL SYMBOL BEGIN TIE"
"1D176","MUSICAL SYMBOL END TIE"
"1D177","MUSICAL SYMBOL BEGIN SLUR"
"1D178","MUSICAL SYMBOL END SLUR"
"1D179","MUSICAL SYMBOL BEGIN PHRASE"
"1D17A","MUSICAL SYMBOL END PHRASE"
"E0000","???-E0000"
"E0001","LANGUAGE TAG"
"E0002","???-E0002"
"E0003","???-E0003"
"E0004","???-E0004"
"E0005","???-E0005"
"E0006","???-E0006"
"E0007","???-E0007"
"E0008","???-E0008"
"E0009","???-E0009"
"E000A","???-E000A"
"E000B","???-E000B"
"E000C","???-E000C"
"E000D","???-E000D"
"E000E","???-E000E"
"E000F","???-E000F"
"E0010","???-E0010"
"E0011","???-E0011"
"E0012","???-E0012"
"E0013","???-E0013"
"E0014","???-E0014"
"E0015","???-E0015"
"E0016","???-E0016"
"E0017","???-E0017"
"E0018","???-E0018"
"E0019","???-E0019"
"E001A","???-E001A"
"E001B","???-E001B"
"E001C","???-E001C"
"E001D","???-E001D"
"E001E","???-E001E"
"E001F","???-E001F"
"E0020","TAG SPACE"
"E0021","TAG EXCLAMATION MARK"
"E0022","TAG QUOTATION MARK"
"E0023","TAG NUMBER SIGN"
"E0024","TAG DOLLAR SIGN"
"E0025","TAG PERCENT SIGN"
"E0026","TAG AMPERSAND"
"E0027","TAG APOSTROPHE"
"E0028","TAG LEFT PARENTHESIS"
"E0029","TAG RIGHT PARENTHESIS"
"E002A","TAG ASTERISK"
"E002B","TAG PLUS SIGN"
"E002C","TAG COMMA"
"E002D","TAG HYPHEN-MINUS"
"E002E","TAG FULL STOP"
"E002F","TAG SOLIDUS"
"E0030","TAG DIGIT ZERO"
"E0031","TAG DIGIT ONE"
"E0032","TAG DIGIT TWO"
"E0033","TAG DIGIT THREE"
"E0034","TAG DIGIT FOUR"
"E0035","TAG DIGIT FIVE"
"E0036","TAG DIGIT SIX"
"E0037","TAG DIGIT SEVEN"
"E0038","TAG DIGIT EIGHT"
"E0039","TAG DIGIT NINE"
"E003A","TAG COLON"
"E003B","TAG SEMICOLON"
"E003C","TAG LESS-THAN SIGN"
"E003D","TAG EQUALS SIGN"
"E003E","TAG GREATER-THAN SIGN"
"E003F","TAG QUESTION MARK"
"E0040","TAG COMMERCIAL AT"
"E0041","TAG LATIN CAPITAL LETTER A"
"E0042","TAG LATIN CAPITAL LETTER B"
"E0043","TAG LATIN CAPITAL LETTER C"
"E0044","TAG LATIN CAPITAL LETTER D"
"E0045","TAG LATIN CAPITAL LETTER E"
"E0046","TAG LATIN CAPITAL LETTER F"
"E0047","TAG LATIN CAPITAL LETTER G"
"E0048","TAG LATIN CAPITAL LETTER H"
"E0049","TAG LATIN CAPITAL LETTER I"
"E004A","TAG LATIN CAPITAL LETTER J"
"E004B","TAG LATIN CAPITAL LETTER K"
"E004C","TAG LATIN CAPITAL LETTER L"
"E004D","TAG LATIN CAPITAL LETTER M"
"E004E","TAG LATIN CAPITAL LETTER N"
"E004F","TAG LATIN CAPITAL LETTER O"
"E0050","TAG LATIN CAPITAL LETTER P"
"E0051","TAG LATIN CAPITAL LETTER Q"
"E0052","TAG LATIN CAPITAL LETTER R"
"E0053","TAG LATIN CAPITAL LETTER S"
"E0054","TAG LATIN CAPITAL LETTER T"
"E0055","TAG LATIN CAPITAL LETTER U"
"E0056","TAG LATIN CAPITAL LETTER V"
"E0057","TAG LATIN CAPITAL LETTER W"
"E0058","TAG LATIN CAPITAL LETTER X"
"E0059","TAG LATIN CAPITAL LETTER Y"
"E005A","TAG LATIN CAPITAL LETTER Z"
"E005B","TAG LEFT SQUARE BRACKET"
"E005C","TAG REVERSE SOLIDUS"
"E005D","TAG RIGHT SQUARE BRACKET"
"E005E","TAG CIRCUMFLEX ACCENT"
"E005F","TAG LOW LINE"
"E0060","TAG GRAVE ACCENT"
"E0061","TAG LATIN SMALL LETTER A"
"E0062","TAG LATIN SMALL LETTER B"
"E0063","TAG LATIN SMALL LETTER C"
"E0064","TAG LATIN SMALL LETTER D"
"E0065","TAG LATIN SMALL LETTER E"
"E0066","TAG LATIN SMALL LETTER F"
"E0067","TAG LATIN SMALL LETTER G"
"E0068","TAG LATIN SMALL LETTER H"
"E0069","TAG LATIN SMALL LETTER I"
"E006A","TAG LATIN SMALL LETTER J"
"E006B","TAG LATIN SMALL LETTER K"
"E006C","TAG LATIN SMALL LETTER L"
"E006D","TAG LATIN SMALL LETTER M"
"E006E","TAG LATIN SMALL LETTER N"
"E006F","TAG LATIN SMALL LETTER O"
"E0070","TAG LATIN SMALL LETTER P"
"E0071","TAG LATIN SMALL LETTER Q"
"E0072","TAG LATIN SMALL LETTER R"
"E0073","TAG LATIN SMALL LETTER S"
"E0074","TAG LATIN SMALL LETTER T"
"E0075","TAG LATIN SMALL LETTER U"
"E0076","TAG LATIN SMALL LETTER V"
"E0077","TAG LATIN SMALL LETTER W"
"E0078","TAG LATIN SMALL LETTER X"
"E0079","TAG LATIN SMALL LETTER Y"
"E007A","TAG LATIN SMALL LETTER Z"
"E007B","TAG LEFT CURLY BRACKET"
"E007C","TAG VERTICAL LINE"
"E007D","TAG RIGHT CURLY BRACKET"
"E007E","TAG TILDE"
"E007F","CANCEL TAG"
"E0080","???-E0080"
"E0081","???-E0081"
"E0082","???-E0082"
"E0083","???-E0083"
"E0084","???-E0084"
"E0085","???-E0085"
"E0086","???-E0086"
"E0087","???-E0087"
"E0088","???-E0088"
"E0089","???-E0089"
"E008A","???-E008A"
"E008B","???-E008B"
"E008C","???-E008C"
"E008D","???-E008D"
"E008E","???-E008E"
"E008F","???-E008F"
"E0090","???-E0090"
"E0091","???-E0091"
"E0092","???-E0092"
"E0093","???-E0093"
"E0094","???-E0094"
"E0095","???-E0095"
"E0096","???-E0096"
"E0097","???-E0097"
"E0098","???-E0098"
"E0099","???-E0099"
"E009A","???-E009A"
"E009B","???-E009B"
"E009C","???-E009C"
"E009D","???-E009D"
"E009E","???-E009E"
"E009F","???-E009F"
"E00A0","???-E00A0"
"E00A1","???-E00A1"
"E00A2","???-E00A2"
"E00A3","???-E00A3"
"E00A4","???-E00A4"
"E00A5","???-E00A5"
"E00A6","???-E00A6"
"E00A7","???-E00A7"
"E00A8","???-E00A8"
"E00A9","???-E00A9"
"E00AA","???-E00AA"
"E00AB","???-E00AB"
"E00AC","???-E00AC"
"E00AD","???-E00AD"
"E00AE","???-E00AE"
"E00AF","???-E00AF"
"E00B0","???-E00B0"
"E00B1","???-E00B1"
"E00B2","???-E00B2"
"E00B3","???-E00B3"
"E00B4","???-E00B4"
"E00B5","???-E00B5"
"E00B6","???-E00B6"
"E00B7","???-E00B7"
"E00B8","???-E00B8"
"E00B9","???-E00B9"
"E00BA","???-E00BA"
"E00BB","???-E00BB"
"E00BC","???-E00BC"
"E00BD","???-E00BD"
"E00BE","???-E00BE"
"E00BF","???-E00BF"
"E00C0","???-E00C0"
"E00C1","???-E00C1"
"E00C2","???-E00C2"
"E00C3","???-E00C3"
"E00C4","???-E00C4"
"E00C5","???-E00C5"
"E00C6","???-E00C6"
"E00C7","???-E00C7"
"E00C8","???-E00C8"
"E00C9","???-E00C9"
"E00CA","???-E00CA"
"E00CB","???-E00CB"
"E00CC","???-E00CC"
"E00CD","???-E00CD"
"E00CE","???-E00CE"
"E00CF","???-E00CF"
"E00D0","???-E00D0"
"E00D1","???-E00D1"
"E00D2","???-E00D2"
"E00D3","???-E00D3"
"E00D4","???-E00D4"
"E00D5","???-E00D5"
"E00D6","???-E00D6"
"E00D7","???-E00D7"
"E00D8","???-E00D8"
"E00D9","???-E00D9"
"E00DA","???-E00DA"
"E00DB","???-E00DB"
"E00DC","???-E00DC"
"E00DD","???-E00DD"
"E00DE","???-E00DE"
"E00DF","???-E00DF"
"E00E0","???-E00E0"
"E00E1","???-E00E1"
"E00E2","???-E00E2"
"E00E3","???-E00E3"
"E00E4","???-E00E4"
"E00E5","???-E00E5"
"E00E6","???-E00E6"
"E00E7","???-E00E7"
"E00E8","???-E00E8"
"E00E9","???-E00E9"
"E00EA","???-E00EA"
"E00EB","???-E00EB"
"E00EC","???-E00EC"
"E00ED","???-E00ED"
"E00EE","???-E00EE"
"E00EF","???-E00EF"
"E00F0","???-E00F0"
"E00F1","???-E00F1"
"E00F2","???-E00F2"
"E00F3","???-E00F3"
"E00F4","???-E00F4"
"E00F5","???-E00F5"
"E00F6","???-E00F6"
"E00F7","???-E00F7"
"E00F8","???-E00F8"
"E00F9","???-E00F9"
"E00FA","???-E00FA"
"E00FB","???-E00FB"
"E00FC","???-E00FC"
"E00FD","???-E00FD"
"E00FE","???-E00FE"
"E00FF","???-E00FF"
"E0100","VARIATION SELECTOR-17"
"E0101","VARIATION SELECTOR-18"
"E0102","VARIATION SELECTOR-19"
"E0103","VARIATION SELECTOR-20"
"E0104","VARIATION SELECTOR-21"
"E0105","VARIATION SELECTOR-22"
"E0106","VARIATION SELECTOR-23"
"E0107","VARIATION SELECTOR-24"
"E0108","VARIATION SELECTOR-25"
"E0109","VARIATION SELECTOR-26"
"E010A","VARIATION SELECTOR-27"
"E010B","VARIATION SELECTOR-28"
"E010C","VARIATION SELECTOR-29"
"E010D","VARIATION SELECTOR-30"
"E010E","VARIATION SELECTOR-31"
"E010F","VARIATION SELECTOR-32"
"E0110","VARIATION SELECTOR-33"
"E0111","VARIATION SELECTOR-34"
"E0112","VARIATION SELECTOR-35"
"E0113","VARIATION SELECTOR-36"
"E0114","VARIATION SELECTOR-37"
"E0115","VARIATION SELECTOR-38"
"E0116","VARIATION SELECTOR-39"
"E0117","VARIATION SELECTOR-40"
"E0118","VARIATION SELECTOR-41"
"E0119","VARIATION SELECTOR-42"
"E011A","VARIATION SELECTOR-43"
"E011B","VARIATION SELECTOR-44"
"E011C","VARIATION SELECTOR-45"
"E011D","VARIATION SELECTOR-46"
"E011E","VARIATION SELECTOR-47"
"E011F","VARIATION SELECTOR-48"
"E0120","VARIATION SELECTOR-49"
"E0121","VARIATION SELECTOR-50"
"E0122","VARIATION SELECTOR-51"
"E0123","VARIATION SELECTOR-52"
"E0124","VARIATION SELECTOR-53"
"E0125","VARIATION SELECTOR-54"
"E0126","VARIATION SELECTOR-55"
"E0127","VARIATION SELECTOR-56"
"E0128","VARIATION SELECTOR-57"
"E0129","VARIATION SELECTOR-58"
"E012A","VARIATION SELECTOR-59"
"E012B","VARIATION SELECTOR-60"
"E012C","VARIATION SELECTOR-61"
"E012D","VARIATION SELECTOR-62"
"E012E","VARIATION SELECTOR-63"
"E012F","VARIATION SELECTOR-64"
"E0130","VARIATION SELECTOR-65"
"E0131","VARIATION SELECTOR-66"
"E0132","VARIATION SELECTOR-67"
"E0133","VARIATION SELECTOR-68"
"E0134","VARIATION SELECTOR-69"
"E0135","VARIATION SELECTOR-70"
"E0136","VARIATION SELECTOR-71"
"E0137","VARIATION SELECTOR-72"
"E0138","VARIATION SELECTOR-73"
"E0139","VARIATION SELECTOR-74"
"E013A","VARIATION SELECTOR-75"
"E013B","VARIATION SELECTOR-76"
"E013C","VARIATION SELECTOR-77"
"E013D","VARIATION SELECTOR-78"
"E013E","VARIATION SELECTOR-79"
"E013F","VARIATION SELECTOR-80"
"E0140","VARIATION SELECTOR-81"
"E0141","VARIATION SELECTOR-82"
"E0142","VARIATION SELECTOR-83"
"E0143","VARIATION SELECTOR-84"
"E0144","VARIATION SELECTOR-85"
"E0145","VARIATION SELECTOR-86"
"E0146","VARIATION SELECTOR-87"
"E0147","VARIATION SELECTOR-88"
"E0148","VARIATION SELECTOR-89"
"E0149","VARIATION SELECTOR-90"
"E014A","VARIATION SELECTOR-91"
"E014B","VARIATION SELECTOR-92"
"E014C","VARIATION SELECTOR-93"
"E014D","VARIATION SELECTOR-94"
"E014E","VARIATION SELECTOR-95"
"E014F","VARIATION SELECTOR-96"
"E0150","VARIATION SELECTOR-97"
"E0151","VARIATION SELECTOR-98"
"E0152","VARIATION SELECTOR-99"
"E0153","VARIATION SELECTOR-100"
"E0154","VARIATION SELECTOR-101"
"E0155","VARIATION SELECTOR-102"
"E0156","VARIATION SELECTOR-103"
"E0157","VARIATION SELECTOR-104"
"E0158","VARIATION SELECTOR-105"
"E0159","VARIATION SELECTOR-106"
"E015A","VARIATION SELECTOR-107"
"E015B","VARIATION SELECTOR-108"
"E015C","VARIATION SELECTOR-109"
"E015D","VARIATION SELECTOR-110"
"E015E","VARIATION SELECTOR-111"
"E015F","VARIATION SELECTOR-112"
"E0160","VARIATION SELECTOR-113"
"E0161","VARIATION SELECTOR-114"
"E0162","VARIATION SELECTOR-115"
"E0163","VARIATION SELECTOR-116"
"E0164","VARIATION SELECTOR-117"
"E0165","VARIATION SELECTOR-118"
"E0166","VARIATION SELECTOR-119"
"E0167","VARIATION SELECTOR-120"
"E0168","VARIATION SELECTOR-121"
"E0169","VARIATION SELECTOR-122"
"E016A","VARIATION SELECTOR-123"
"E016B","VARIATION SELECTOR-124"
"E016C","VARIATION SELECTOR-125"
"E016D","VARIATION SELECTOR-126"
"E016E","VARIATION SELECTOR-127"
"E016F","VARIATION SELECTOR-128"
"E0170","VARIATION SELECTOR-129"
"E0171","VARIATION SELECTOR-130"
"E0172","VARIATION SELECTOR-131"
"E0173","VARIATION SELECTOR-132"
"E0174","VARIATION SELECTOR-133"
"E0175","VARIATION SELECTOR-134"
"E0176","VARIATION SELECTOR-135"
"E0177","VARIATION SELECTOR-136"
"E0178","VARIATION SELECTOR-137"
"E0179","VARIATION SELECTOR-138"
"E017A","VARIATION SELECTOR-139"
"E017B","VARIATION SELECTOR-140"
"E017C","VARIATION SELECTOR-141"
"E017D","VARIATION SELECTOR-142"
"E017E","VARIATION SELECTOR-143"
"E017F","VARIATION SELECTOR-144"
"E0180","VARIATION SELECTOR-145"
"E0181","VARIATION SELECTOR-146"
"E0182","VARIATION SELECTOR-147"
"E0183","VARIATION SELECTOR-148"
"E0184","VARIATION SELECTOR-149"
"E0185","VARIATION SELECTOR-150"
"E0186","VARIATION SELECTOR-151"
"E0187","VARIATION SELECTOR-152"
"E0188","VARIATION SELECTOR-153"
"E0189","VARIATION SELECTOR-154"
"E018A","VARIATION SELECTOR-155"
"E018B","VARIATION SELECTOR-156"
"E018C","VARIATION SELECTOR-157"
"E018D","VARIATION SELECTOR-158"
"E018E","VARIATION SELECTOR-159"
"E018F","VARIATION SELECTOR-160"
"E0190","VARIATION SELECTOR-161"
"E0191","VARIATION SELECTOR-162"
"E0192","VARIATION SELECTOR-163"
"E0193","VARIATION SELECTOR-164"
"E0194","VARIATION SELECTOR-165"
"E0195","VARIATION SELECTOR-166"
"E0196","VARIATION SELECTOR-167"
"E0197","VARIATION SELECTOR-168"
"E0198","VARIATION SELECTOR-169"
"E0199","VARIATION SELECTOR-170"
"E019A","VARIATION SELECTOR-171"
"E019B","VARIATION SELECTOR-172"
"E019C","VARIATION SELECTOR-173"
"E019D","VARIATION SELECTOR-174"
"E019E","VARIATION SELECTOR-175"
"E019F","VARIATION SELECTOR-176"
"E01A0","VARIATION SELECTOR-177"
"E01A1","VARIATION SELECTOR-178"
"E01A2","VARIATION SELECTOR-179"
"E01A3","VARIATION SELECTOR-180"
"E01A4","VARIATION SELECTOR-181"
"E01A5","VARIATION SELECTOR-182"
"E01A6","VARIATION SELECTOR-183"
"E01A7","VARIATION SELECTOR-184"
"E01A8","VARIATION SELECTOR-185"
"E01A9","VARIATION SELECTOR-186"
"E01AA","VARIATION SELECTOR-187"
"E01AB","VARIATION SELECTOR-188"
"E01AC","VARIATION SELECTOR-189"
"E01AD","VARIATION SELECTOR-190"
"E01AE","VARIATION SELECTOR-191"
"E01AF","VARIATION SELECTOR-192"
"E01B0","VARIATION SELECTOR-193"
"E01B1","VARIATION SELECTOR-194"
"E01B2","VARIATION SELECTOR-195"
"E01B3","VARIATION SELECTOR-196"
"E01B4","VARIATION SELECTOR-197"
"E01B5","VARIATION SELECTOR-198"
"E01B6","VARIATION SELECTOR-199"
"E01B7","VARIATION SELECTOR-200"
"E01B8","VARIATION SELECTOR-201"
"E01B9","VARIATION SELECTOR-202"
"E01BA","VARIATION SELECTOR-203"
"E01BB","VARIATION SELECTOR-204"
"E01BC","VARIATION SELECTOR-205"
"E01BD","VARIATION SELECTOR-206"
"E01BE","VARIATION SELECTOR-207"
"E01BF","VARIATION SELECTOR-208"
"E01C0","VARIATION SELECTOR-209"
"E01C1","VARIATION SELECTOR-210"
"E01C2","VARIATION SELECTOR-211"
"E01C3","VARIATION SELECTOR-212"
"E01C4","VARIATION SELECTOR-213"
"E01C5","VARIATION SELECTOR-214"
"E01C6","VARIATION SELECTOR-215"
"E01C7","VARIATION SELECTOR-216"
"E01C8","VARIATION SELECTOR-217"
"E01C9","VARIATION SELECTOR-218"
"E01CA","VARIATION SELECTOR-219"
"E01CB","VARIATION SELECTOR-220"
"E01CC","VARIATION SELECTOR-221"
"E01CD","VARIATION SELECTOR-222"
"E01CE","VARIATION SELECTOR-223"
"E01CF","VARIATION SELECTOR-224"
"E01D0","VARIATION SELECTOR-225"
"E01D1","VARIATION SELECTOR-226"
"E01D2","VARIATION SELECTOR-227"
"E01D3","VARIATION SELECTOR-228"
"E01D4","VARIATION SELECTOR-229"
"E01D5","VARIATION SELECTOR-230"
"E01D6","VARIATION SELECTOR-231"
"E01D7","VARIATION SELECTOR-232"
"E01D8","VARIATION SELECTOR-233"
"E01D9","VARIATION SELECTOR-234"
"E01DA","VARIATION SELECTOR-235"
"E01DB","VARIATION SELECTOR-236"
"E01DC","VARIATION SELECTOR-237"
"E01DD","VARIATION SELECTOR-238"
"E01DE","VARIATION SELECTOR-239"
"E01DF","VARIATION SELECTOR-240"
"E01E0","VARIATION SELECTOR-241"
"E01E1","VARIATION SELECTOR-242"
"E01E2","VARIATION SELECTOR-243"
"E01E3","VARIATION SELECTOR-244"
"E01E4","VARIATION SELECTOR-245"
"E01E5","VARIATION SELECTOR-246"
"E01E6","VARIATION SELECTOR-247"
"E01E7","VARIATION SELECTOR-248"
"E01E8","VARIATION SELECTOR-249"
"E01E9","VARIATION SELECTOR-250"
"E01EA","VARIATION SELECTOR-251"
"E01EB","VARIATION SELECTOR-252"
"E01EC","VARIATION SELECTOR-253"
"E01ED","VARIATION SELECTOR-254"
"E01EE","VARIATION SELECTOR-255"
"E01EF","VARIATION SELECTOR-256"
"E01F0","???-E01F0"
"E01F1","???-E01F1"
"E01F2","???-E01F2"
"E01F3","???-E01F3"
"E01F4","???-E01F4"
"E01F5","???-E01F5"
"E01F6","???-E01F6"
"E01F7","???-E01F7"
"E01F8","???-E01F8"
"E01F9","???-E01F9"
"E01FA","???-E01FA"
"E01FB","???-E01FB"
"E01FC","???-E01FC"
"E01FD","???-E01FD"
"E01FE","???-E01FE"
"E01FF","???-E01FF"
"E0200","???-E0200"
"E0201","???-E0201"
"E0202","???-E0202"
"E0203","???-E0203"
"E0204","???-E0204"
"E0205","???-E0205"
"E0206","???-E0206"
"E0207","???-E0207"
"E0208","???-E0208"
"E0209","???-E0209"
"E020A","???-E020A"
"E020B","???-E020B"
"E020C","???-E020C"
"E020D","???-E020D"
"E020E","???-E020E"
"E020F","???-E020F"
"E0210","???-E0210"
"E0211","???-E0211"
"E0212","???-E0212"
"E0213","???-E0213"
"E0214","???-E0214"
"E0215","???-E0215"
"E0216","???-E0216"
"E0217","???-E0217"
"E0218","???-E0218"
"E0219","???-E0219"
"E021A","???-E021A"
"E021B","???-E021B"
"E021C","???-E021C"
"E021D","???-E021D"
"E021E","???-E021E"
"E021F","???-E021F"
"E0220","???-E0220"
"E0221","???-E0221"
"E0222","???-E0222"
"E0223","???-E0223"
"E0224","???-E0224"
"E0225","???-E0225"
"E0226","???-E0226"
"E0227","???-E0227"
"E0228","???-E0228"
"E0229","???-E0229"
"E022A","???-E022A"
"E022B","???-E022B"
"E022C","???-E022C"
"E022D","???-E022D"
"E022E","???-E022E"
"E022F","???-E022F"
"E0230","???-E0230"
"E0231","???-E0231"
"E0232","???-E0232"
"E0233","???-E0233"
"E0234","???-E0234"
"E0235","???-E0235"
"E0236","???-E0236"
"E0237","???-E0237"
"E0238","???-E0238"
"E0239","???-E0239"
"E023A","???-E023A"
"E023B","???-E023B"
"E023C","???-E023C"
"E023D","???-E023D"
"E023E","???-E023E"
"E023F","???-E023F"
"E0240","???-E0240"
"E0241","???-E0241"
"E0242","???-E0242"
"E0243","???-E0243"
"E0244","???-E0244"
"E0245","???-E0245"
"E0246","???-E0246"
"E0247","???-E0247"
"E0248","???-E0248"
"E0249","???-E0249"
"E024A","???-E024A"
"E024B","???-E024B"
"E024C","???-E024C"
"E024D","???-E024D"
"E024E","???-E024E"
"E024F","???-E024F"
"E0250","???-E0250"
"E0251","???-E0251"
"E0252","???-E0252"
"E0253","???-E0253"
"E0254","???-E0254"
"E0255","???-E0255"
"E0256","???-E0256"
"E0257","???-E0257"
"E0258","???-E0258"
"E0259","???-E0259"
"E025A","???-E025A"
"E025B","???-E025B"
"E025C","???-E025C"
"E025D","???-E025D"
"E025E","???-E025E"
"E025F","???-E025F"
"E0260","???-E0260"
"E0261","???-E0261"
"E0262","???-E0262"
"E0263","???-E0263"
"E0264","???-E0264"
"E0265","???-E0265"
"E0266","???-E0266"
"E0267","???-E0267"
"E0268","???-E0268"
"E0269","???-E0269"
"E026A","???-E026A"
"E026B","???-E026B"
"E026C","???-E026C"
"E026D","???-E026D"
"E026E","???-E026E"
"E026F","???-E026F"
"E0270","???-E0270"
"E0271","???-E0271"
"E0272","???-E0272"
"E0273","???-E0273"
"E0274","???-E0274"
"E0275","???-E0275"
"E0276","???-E0276"
"E0277","???-E0277"
"E0278","???-E0278"
"E0279","???-E0279"
"E027A","???-E027A"
"E027B","???-E027B"
"E027C","???-E027C"
"E027D","???-E027D"
"E027E","???-E027E"
"E027F","???-E027F"
"E0280","???-E0280"
"E0281","???-E0281"
"E0282","???-E0282"
"E0283","???-E0283"
"E0284","???-E0284"
"E0285","???-E0285"
"E0286","???-E0286"
"E0287","???-E0287"
"E0288","???-E0288"
"E0289","???-E0289"
"E028A","???-E028A"
"E028B","???-E028B"
"E028C","???-E028C"
"E028D","???-E028D"
"E028E","???-E028E"
"E028F","???-E028F"
"E0290","???-E0290"
"E0291","???-E0291"
"E0292","???-E0292"
"E0293","???-E0293"
"E0294","???-E0294"
"E0295","???-E0295"
"E0296","???-E0296"
"E0297","???-E0297"
"E0298","???-E0298"
"E0299","???-E0299"
"E029A","???-E029A"
"E029B","???-E029B"
"E029C","???-E029C"
"E029D","???-E029D"
"E029E","???-E029E"
"E029F","???-E029F"
"E02A0","???-E02A0"
"E02A1","???-E02A1"
"E02A2","???-E02A2"
"E02A3","???-E02A3"
"E02A4","???-E02A4"
"E02A5","???-E02A5"
"E02A6","???-E02A6"
"E02A7","???-E02A7"
"E02A8","???-E02A8"
"E02A9","???-E02A9"
"E02AA","???-E02AA"
"E02AB","???-E02AB"
"E02AC","???-E02AC"
"E02AD","???-E02AD"
"E02AE","???-E02AE"
"E02AF","???-E02AF"
"E02B0","???-E02B0"
"E02B1","???-E02B1"
"E02B2","???-E02B2"
"E02B3","???-E02B3"
"E02B4","???-E02B4"
"E02B5","???-E02B5"
"E02B6","???-E02B6"
"E02B7","???-E02B7"
"E02B8","???-E02B8"
"E02B9","???-E02B9"
"E02BA","???-E02BA"
"E02BB","???-E02BB"
"E02BC","???-E02BC"
"E02BD","???-E02BD"
"E02BE","???-E02BE"
"E02BF","???-E02BF"
"E02C0","???-E02C0"
"E02C1","???-E02C1"
"E02C2","???-E02C2"
"E02C3","???-E02C3"
"E02C4","???-E02C4"
"E02C5","???-E02C5"
"E02C6","???-E02C6"
"E02C7","???-E02C7"
"E02C8","???-E02C8"
"E02C9","???-E02C9"
"E02CA","???-E02CA"
"E02CB","???-E02CB"
"E02CC","???-E02CC"
"E02CD","???-E02CD"
"E02CE","???-E02CE"
"E02CF","???-E02CF"
"E02D0","???-E02D0"
"E02D1","???-E02D1"
"E02D2","???-E02D2"
"E02D3","???-E02D3"
"E02D4","???-E02D4"
"E02D5","???-E02D5"
"E02D6","???-E02D6"
"E02D7","???-E02D7"
"E02D8","???-E02D8"
"E02D9","???-E02D9"
"E02DA","???-E02DA"
"E02DB","???-E02DB"
"E02DC","???-E02DC"
"E02DD","???-E02DD"
"E02DE","???-E02DE"
"E02DF","???-E02DF"
"E02E0","???-E02E0"
"E02E1","???-E02E1"
"E02E2","???-E02E2"
"E02E3","???-E02E3"
"E02E4","???-E02E4"
"E02E5","???-E02E5"
"E02E6","???-E02E6"
"E02E7","???-E02E7"
"E02E8","???-E02E8"
"E02E9","???-E02E9"
"E02EA","???-E02EA"
"E02EB","???-E02EB"
"E02EC","???-E02EC"
"E02ED","???-E02ED"
"E02EE","???-E02EE"
"E02EF","???-E02EF"
"E02F0","???-E02F0"
"E02F1","???-E02F1"
"E02F2","???-E02F2"
"E02F3","???-E02F3"
"E02F4","???-E02F4"
"E02F5","???-E02F5"
"E02F6","???-E02F6"
"E02F7","???-E02F7"
"E02F8","???-E02F8"
"E02F9","???-E02F9"
"E02FA","???-E02FA"
"E02FB","???-E02FB"
"E02FC","???-E02FC"
"E02FD","???-E02FD"
"E02FE","???-E02FE"
"E02FF","???-E02FF"
"E0300","???-E0300"
"E0301","???-E0301"
"E0302","???-E0302"
"E0303","???-E0303"
"E0304","???-E0304"
"E0305","???-E0305"
"E0306","???-E0306"
"E0307","???-E0307"
"E0308","???-E0308"
"E0309","???-E0309"
"E030A","???-E030A"
"E030B","???-E030B"
"E030C","???-E030C"
"E030D","???-E030D"
"E030E","???-E030E"
"E030F","???-E030F"
"E0310","???-E0310"
"E0311","???-E0311"
"E0312","???-E0312"
"E0313","???-E0313"
"E0314","???-E0314"
"E0315","???-E0315"
"E0316","???-E0316"
"E0317","???-E0317"
"E0318","???-E0318"
"E0319","???-E0319"
"E031A","???-E031A"
"E031B","???-E031B"
"E031C","???-E031C"
"E031D","???-E031D"
"E031E","???-E031E"
"E031F","???-E031F"
"E0320","???-E0320"
"E0321","???-E0321"
"E0322","???-E0322"
"E0323","???-E0323"
"E0324","???-E0324"
"E0325","???-E0325"
"E0326","???-E0326"
"E0327","???-E0327"
"E0328","???-E0328"
"E0329","???-E0329"
"E032A","???-E032A"
"E032B","???-E032B"
"E032C","???-E032C"
"E032D","???-E032D"
"E032E","???-E032E"
"E032F","???-E032F"
"E0330","???-E0330"
"E0331","???-E0331"
"E0332","???-E0332"
"E0333","???-E0333"
"E0334","???-E0334"
"E0335","???-E0335"
"E0336","???-E0336"
"E0337","???-E0337"
"E0338","???-E0338"
"E0339","???-E0339"
"E033A","???-E033A"
"E033B","???-E033B"
"E033C","???-E033C"
"E033D","???-E033D"
"E033E","???-E033E"
"E033F","???-E033F"
"E0340","???-E0340"
"E0341","???-E0341"
"E0342","???-E0342"
"E0343","???-E0343"
"E0344","???-E0344"
"E0345","???-E0345"
"E0346","???-E0346"
"E0347","???-E0347"
"E0348","???-E0348"
"E0349","???-E0349"
"E034A","???-E034A"
"E034B","???-E034B"
"E034C","???-E034C"
"E034D","???-E034D"
"E034E","???-E034E"
"E034F","???-E034F"
"E0350","???-E0350"
"E0351","???-E0351"
"E0352","???-E0352"
"E0353","???-E0353"
"E0354","???-E0354"
"E0355","???-E0355"
"E0356","???-E0356"
"E0357","???-E0357"
"E0358","???-E0358"
"E0359","???-E0359"
"E035A","???-E035A"
"E035B","???-E035B"
"E035C","???-E035C"
"E035D","???-E035D"
"E035E","???-E035E"
"E035F","???-E035F"
"E0360","???-E0360"
"E0361","???-E0361"
"E0362","???-E0362"
"E0363","???-E0363"
"E0364","???-E0364"
"E0365","???-E0365"
"E0366","???-E0366"
"E0367","???-E0367"
"E0368","???-E0368"
"E0369","???-E0369"
"E036A","???-E036A"
"E036B","???-E036B"
"E036C","???-E036C"
"E036D","???-E036D"
"E036E","???-E036E"
"E036F","???-E036F"
"E0370","???-E0370"
"E0371","???-E0371"
"E0372","???-E0372"
"E0373","???-E0373"
"E0374","???-E0374"
"E0375","???-E0375"
"E0376","???-E0376"
"E0377","???-E0377"
"E0378","???-E0378"
"E0379","???-E0379"
"E037A","???-E037A"
"E037B","???-E037B"
"E037C","???-E037C"
"E037D","???-E037D"
"E037E","???-E037E"
"E037F","???-E037F"
"E0380","???-E0380"
"E0381","???-E0381"
"E0382","???-E0382"
"E0383","???-E0383"
"E0384","???-E0384"
"E0385","???-E0385"
"E0386","???-E0386"
"E0387","???-E0387"
"E0388","???-E0388"
"E0389","???-E0389"
"E038A","???-E038A"
"E038B","???-E038B"
"E038C","???-E038C"
"E038D","???-E038D"
"E038E","???-E038E"
"E038F","???-E038F"
"E0390","???-E0390"
"E0391","???-E0391"
"E0392","???-E0392"
"E0393","???-E0393"
"E0394","???-E0394"
"E0395","???-E0395"
"E0396","???-E0396"
"E0397","???-E0397"
"E0398","???-E0398"
"E0399","???-E0399"
"E039A","???-E039A"
"E039B","???-E039B"
"E039C","???-E039C"
"E039D","???-E039D"
"E039E","???-E039E"
"E039F","???-E039F"
"E03A0","???-E03A0"
"E03A1","???-E03A1"
"E03A2","???-E03A2"
"E03A3","???-E03A3"
"E03A4","???-E03A4"
"E03A5","???-E03A5"
"E03A6","???-E03A6"
"E03A7","???-E03A7"
"E03A8","???-E03A8"
"E03A9","???-E03A9"
"E03AA","???-E03AA"
"E03AB","???-E03AB"
"E03AC","???-E03AC"
"E03AD","???-E03AD"
"E03AE","???-E03AE"
"E03AF","???-E03AF"
"E03B0","???-E03B0"
"E03B1","???-E03B1"
"E03B2","???-E03B2"
"E03B3","???-E03B3"
"E03B4","???-E03B4"
"E03B5","???-E03B5"
"E03B6","???-E03B6"
"E03B7","???-E03B7"
"E03B8","???-E03B8"
"E03B9","???-E03B9"
"E03BA","???-E03BA"
"E03BB","???-E03BB"
"E03BC","???-E03BC"
"E03BD","???-E03BD"
"E03BE","???-E03BE"
"E03BF","???-E03BF"
"E03C0","???-E03C0"
"E03C1","???-E03C1"
"E03C2","???-E03C2"
"E03C3","???-E03C3"
"E03C4","???-E03C4"
"E03C5","???-E03C5"
"E03C6","???-E03C6"
"E03C7","???-E03C7"
"E03C8","???-E03C8"
"E03C9","???-E03C9"
"E03CA","???-E03CA"
"E03CB","???-E03CB"
"E03CC","???-E03CC"
"E03CD","???-E03CD"
"E03CE","???-E03CE"
"E03CF","???-E03CF"
"E03D0","???-E03D0"
"E03D1","???-E03D1"
"E03D2","???-E03D2"
"E03D3","???-E03D3"
"E03D4","???-E03D4"
"E03D5","???-E03D5"
"E03D6","???-E03D6"
"E03D7","???-E03D7"
"E03D8","???-E03D8"
"E03D9","???-E03D9"
"E03DA","???-E03DA"
"E03DB","???-E03DB"
"E03DC","???-E03DC"
"E03DD","???-E03DD"
"E03DE","???-E03DE"
"E03DF","???-E03DF"
"E03E0","???-E03E0"
"E03E1","???-E03E1"
"E03E2","???-E03E2"
"E03E3","???-E03E3"
"E03E4","???-E03E4"
"E03E5","???-E03E5"
"E03E6","???-E03E6"
"E03E7","???-E03E7"
"E03E8","???-E03E8"
"E03E9","???-E03E9"
"E03EA","???-E03EA"
"E03EB","???-E03EB"
"E03EC","???-E03EC"
"E03ED","???-E03ED"
"E03EE","???-E03EE"
"E03EF","???-E03EF"
"E03F0","???-E03F0"
"E03F1","???-E03F1"
"E03F2","???-E03F2"
"E03F3","???-E03F3"
"E03F4","???-E03F4"
"E03F5","???-E03F5"
"E03F6","???-E03F6"
"E03F7","???-E03F7"
"E03F8","???-E03F8"
"E03F9","???-E03F9"
"E03FA","???-E03FA"
"E03FB","???-E03FB"
"E03FC","???-E03FC"
"E03FD","???-E03FD"
"E03FE","???-E03FE"
"E03FF","???-E03FF"
"E0400","???-E0400"
"E0401","???-E0401"
"E0402","???-E0402"
"E0403","???-E0403"
"E0404","???-E0404"
"E0405","???-E0405"
"E0406","???-E0406"
"E0407","???-E0407"
"E0408","???-E0408"
"E0409","???-E0409"
"E040A","???-E040A"
"E040B","???-E040B"
"E040C","???-E040C"
"E040D","???-E040D"
"E040E","???-E040E"
"E040F","???-E040F"
"E0410","???-E0410"
"E0411","???-E0411"
"E0412","???-E0412"
"E0413","???-E0413"
"E0414","???-E0414"
"E0415","???-E0415"
"E0416","???-E0416"
"E0417","???-E0417"
"E0418","???-E0418"
"E0419","???-E0419"
"E041A","???-E041A"
"E041B","???-E041B"
"E041C","???-E041C"
"E041D","???-E041D"
"E041E","???-E041E"
"E041F","???-E041F"
"E0420","???-E0420"
"E0421","???-E0421"
"E0422","???-E0422"
"E0423","???-E0423"
"E0424","???-E0424"
"E0425","???-E0425"
"E0426","???-E0426"
"E0427","???-E0427"
"E0428","???-E0428"
"E0429","???-E0429"
"E042A","???-E042A"
"E042B","???-E042B"
"E042C","???-E042C"
"E042D","???-E042D"
"E042E","???-E042E"
"E042F","???-E042F"
"E0430","???-E0430"
"E0431","???-E0431"
"E0432","???-E0432"
"E0433","???-E0433"
"E0434","???-E0434"
"E0435","???-E0435"
"E0436","???-E0436"
"E0437","???-E0437"
"E0438","???-E0438"
"E0439","???-E0439"
"E043A","???-E043A"
"E043B","???-E043B"
"E043C","???-E043C"
"E043D","???-E043D"
"E043E","???-E043E"
"E043F","???-E043F"
"E0440","???-E0440"
"E0441","???-E0441"
"E0442","???-E0442"
"E0443","???-E0443"
"E0444","???-E0444"
"E0445","???-E0445"
"E0446","???-E0446"
"E0447","???-E0447"
"E0448","???-E0448"
"E0449","???-E0449"
"E044A","???-E044A"
"E044B","???-E044B"
"E044C","???-E044C"
"E044D","???-E044D"
"E044E","???-E044E"
"E044F","???-E044F"
"E0450","???-E0450"
"E0451","???-E0451"
"E0452","???-E0452"
"E0453","???-E0453"
"E0454","???-E0454"
"E0455","???-E0455"
"E0456","???-E0456"
"E0457","???-E0457"
"E0458","???-E0458"
"E0459","???-E0459"
"E045A","???-E045A"
"E045B","???-E045B"
"E045C","???-E045C"
"E045D","???-E045D"
"E045E","???-E045E"
"E045F","???-E045F"
"E0460","???-E0460"
"E0461","???-E0461"
"E0462","???-E0462"
"E0463","???-E0463"
"E0464","???-E0464"
"E0465","???-E0465"
"E0466","???-E0466"
"E0467","???-E0467"
"E0468","???-E0468"
"E0469","???-E0469"
"E046A","???-E046A"
"E046B","???-E046B"
"E046C","???-E046C"
"E046D","???-E046D"
"E046E","???-E046E"
"E046F","???-E046F"
"E0470","???-E0470"
"E0471","???-E0471"
"E0472","???-E0472"
"E0473","???-E0473"
"E0474","???-E0474"
"E0475","???-E0475"
"E0476","???-E0476"
"E0477","???-E0477"
"E0478","???-E0478"
"E0479","???-E0479"
"E047A","???-E047A"
"E047B","???-E047B"
"E047C","???-E047C"
"E047D","???-E047D"
"E047E","???-E047E"
"E047F","???-E047F"
"E0480","???-E0480"
"E0481","???-E0481"
"E0482","???-E0482"
"E0483","???-E0483"
"E0484","???-E0484"
"E0485","???-E0485"
"E0486","???-E0486"
"E0487","???-E0487"
"E0488","???-E0488"
"E0489","???-E0489"
"E048A","???-E048A"
"E048B","???-E048B"
"E048C","???-E048C"
"E048D","???-E048D"
"E048E","???-E048E"
"E048F","???-E048F"
"E0490","???-E0490"
"E0491","???-E0491"
"E0492","???-E0492"
"E0493","???-E0493"
"E0494","???-E0494"
"E0495","???-E0495"
"E0496","???-E0496"
"E0497","???-E0497"
"E0498","???-E0498"
"E0499","???-E0499"
"E049A","???-E049A"
"E049B","???-E049B"
"E049C","???-E049C"
"E049D","???-E049D"
"E049E","???-E049E"
"E049F","???-E049F"
"E04A0","???-E04A0"
"E04A1","???-E04A1"
"E04A2","???-E04A2"
"E04A3","???-E04A3"
"E04A4","???-E04A4"
"E04A5","???-E04A5"
"E04A6","???-E04A6"
"E04A7","???-E04A7"
"E04A8","???-E04A8"
"E04A9","???-E04A9"
"E04AA","???-E04AA"
"E04AB","???-E04AB"
"E04AC","???-E04AC"
"E04AD","???-E04AD"
"E04AE","???-E04AE"
"E04AF","???-E04AF"
"E04B0","???-E04B0"
"E04B1","???-E04B1"
"E04B2","???-E04B2"
"E04B3","???-E04B3"
"E04B4","???-E04B4"
"E04B5","???-E04B5"
"E04B6","???-E04B6"
"E04B7","???-E04B7"
"E04B8","???-E04B8"
"E04B9","???-E04B9"
"E04BA","???-E04BA"
"E04BB","???-E04BB"
"E04BC","???-E04BC"
"E04BD","???-E04BD"
"E04BE","???-E04BE"
"E04BF","???-E04BF"
"E04C0","???-E04C0"
"E04C1","???-E04C1"
"E04C2","???-E04C2"
"E04C3","???-E04C3"
"E04C4","???-E04C4"
"E04C5","???-E04C5"
"E04C6","???-E04C6"
"E04C7","???-E04C7"
"E04C8","???-E04C8"
"E04C9","???-E04C9"
"E04CA","???-E04CA"
"E04CB","???-E04CB"
"E04CC","???-E04CC"
"E04CD","???-E04CD"
"E04CE","???-E04CE"
"E04CF","???-E04CF"
"E04D0","???-E04D0"
"E04D1","???-E04D1"
"E04D2","???-E04D2"
"E04D3","???-E04D3"
"E04D4","???-E04D4"
"E04D5","???-E04D5"
"E04D6","???-E04D6"
"E04D7","???-E04D7"
"E04D8","???-E04D8"
"E04D9","???-E04D9"
"E04DA","???-E04DA"
"E04DB","???-E04DB"
"E04DC","???-E04DC"
"E04DD","???-E04DD"
"E04DE","???-E04DE"
"E04DF","???-E04DF"
"E04E0","???-E04E0"
"E04E1","???-E04E1"
"E04E2","???-E04E2"
"E04E3","???-E04E3"
"E04E4","???-E04E4"
"E04E5","???-E04E5"
"E04E6","???-E04E6"
"E04E7","???-E04E7"
"E04E8","???-E04E8"
"E04E9","???-E04E9"
"E04EA","???-E04EA"
"E04EB","???-E04EB"
"E04EC","???-E04EC"
"E04ED","???-E04ED"
"E04EE","???-E04EE"
"E04EF","???-E04EF"
"E04F0","???-E04F0"
"E04F1","???-E04F1"
"E04F2","???-E04F2"
"E04F3","???-E04F3"
"E04F4","???-E04F4"
"E04F5","???-E04F5"
"E04F6","???-E04F6"
"E04F7","???-E04F7"
"E04F8","???-E04F8"
"E04F9","???-E04F9"
"E04FA","???-E04FA"
"E04FB","???-E04FB"
"E04FC","???-E04FC"
"E04FD","???-E04FD"
"E04FE","???-E04FE"
"E04FF","???-E04FF"
"E0500","???-E0500"
"E0501","???-E0501"
"E0502","???-E0502"
"E0503","???-E0503"
"E0504","???-E0504"
"E0505","???-E0505"
"E0506","???-E0506"
"E0507","???-E0507"
"E0508","???-E0508"
"E0509","???-E0509"
"E050A","???-E050A"
"E050B","???-E050B"
"E050C","???-E050C"
"E050D","???-E050D"
"E050E","???-E050E"
"E050F","???-E050F"
"E0510","???-E0510"
"E0511","???-E0511"
"E0512","???-E0512"
"E0513","???-E0513"
"E0514","???-E0514"
"E0515","???-E0515"
"E0516","???-E0516"
"E0517","???-E0517"
"E0518","???-E0518"
"E0519","???-E0519"
"E051A","???-E051A"
"E051B","???-E051B"
"E051C","???-E051C"
"E051D","???-E051D"
"E051E","???-E051E"
"E051F","???-E051F"
"E0520","???-E0520"
"E0521","???-E0521"
"E0522","???-E0522"
"E0523","???-E0523"
"E0524","???-E0524"
"E0525","???-E0525"
"E0526","???-E0526"
"E0527","???-E0527"
"E0528","???-E0528"
"E0529","???-E0529"
"E052A","???-E052A"
"E052B","???-E052B"
"E052C","???-E052C"
"E052D","???-E052D"
"E052E","???-E052E"
"E052F","???-E052F"
"E0530","???-E0530"
"E0531","???-E0531"
"E0532","???-E0532"
"E0533","???-E0533"
"E0534","???-E0534"
"E0535","???-E0535"
"E0536","???-E0536"
"E0537","???-E0537"
"E0538","???-E0538"
"E0539","???-E0539"
"E053A","???-E053A"
"E053B","???-E053B"
"E053C","???-E053C"
"E053D","???-E053D"
"E053E","???-E053E"
"E053F","???-E053F"
"E0540","???-E0540"
"E0541","???-E0541"
"E0542","???-E0542"
"E0543","???-E0543"
"E0544","???-E0544"
"E0545","???-E0545"
"E0546","???-E0546"
"E0547","???-E0547"
"E0548","???-E0548"
"E0549","???-E0549"
"E054A","???-E054A"
"E054B","???-E054B"
"E054C","???-E054C"
"E054D","???-E054D"
"E054E","???-E054E"
"E054F","???-E054F"
"E0550","???-E0550"
"E0551","???-E0551"
"E0552","???-E0552"
"E0553","???-E0553"
"E0554","???-E0554"
"E0555","???-E0555"
"E0556","???-E0556"
"E0557","???-E0557"
"E0558","???-E0558"
"E0559","???-E0559"
"E055A","???-E055A"
"E055B","???-E055B"
"E055C","???-E055C"
"E055D","???-E055D"
"E055E","???-E055E"
"E055F","???-E055F"
"E0560","???-E0560"
"E0561","???-E0561"
"E0562","???-E0562"
"E0563","???-E0563"
"E0564","???-E0564"
"E0565","???-E0565"
"E0566","???-E0566"
"E0567","???-E0567"
"E0568","???-E0568"
"E0569","???-E0569"
"E056A","???-E056A"
"E056B","???-E056B"
"E056C","???-E056C"
"E056D","???-E056D"
"E056E","???-E056E"
"E056F","???-E056F"
"E0570","???-E0570"
"E0571","???-E0571"
"E0572","???-E0572"
"E0573","???-E0573"
"E0574","???-E0574"
"E0575","???-E0575"
"E0576","???-E0576"
"E0577","???-E0577"
"E0578","???-E0578"
"E0579","???-E0579"
"E057A","???-E057A"
"E057B","???-E057B"
"E057C","???-E057C"
"E057D","???-E057D"
"E057E","???-E057E"
"E057F","???-E057F"
"E0580","???-E0580"
"E0581","???-E0581"
"E0582","???-E0582"
"E0583","???-E0583"
"E0584","???-E0584"
"E0585","???-E0585"
"E0586","???-E0586"
"E0587","???-E0587"
"E0588","???-E0588"
"E0589","???-E0589"
"E058A","???-E058A"
"E058B","???-E058B"
"E058C","???-E058C"
"E058D","???-E058D"
"E058E","???-E058E"
"E058F","???-E058F"
"E0590","???-E0590"
"E0591","???-E0591"
"E0592","???-E0592"
"E0593","???-E0593"
"E0594","???-E0594"
"E0595","???-E0595"
"E0596","???-E0596"
"E0597","???-E0597"
"E0598","???-E0598"
"E0599","???-E0599"
"E059A","???-E059A"
"E059B","???-E059B"
"E059C","???-E059C"
"E059D","???-E059D"
"E059E","???-E059E"
"E059F","???-E059F"
"E05A0","???-E05A0"
"E05A1","???-E05A1"
"E05A2","???-E05A2"
"E05A3","???-E05A3"
"E05A4","???-E05A4"
"E05A5","???-E05A5"
"E05A6","???-E05A6"
"E05A7","???-E05A7"
"E05A8","???-E05A8"
"E05A9","???-E05A9"
"E05AA","???-E05AA"
"E05AB","???-E05AB"
"E05AC","???-E05AC"
"E05AD","???-E05AD"
"E05AE","???-E05AE"
"E05AF","???-E05AF"
"E05B0","???-E05B0"
"E05B1","???-E05B1"
"E05B2","???-E05B2"
"E05B3","???-E05B3"
"E05B4","???-E05B4"
"E05B5","???-E05B5"
"E05B6","???-E05B6"
"E05B7","???-E05B7"
"E05B8","???-E05B8"
"E05B9","???-E05B9"
"E05BA","???-E05BA"
"E05BB","???-E05BB"
"E05BC","???-E05BC"
"E05BD","???-E05BD"
"E05BE","???-E05BE"
"E05BF","???-E05BF"
"E05C0","???-E05C0"
"E05C1","???-E05C1"
"E05C2","???-E05C2"
"E05C3","???-E05C3"
"E05C4","???-E05C4"
"E05C5","???-E05C5"
"E05C6","???-E05C6"
"E05C7","???-E05C7"
"E05C8","???-E05C8"
"E05C9","???-E05C9"
"E05CA","???-E05CA"
"E05CB","???-E05CB"
"E05CC","???-E05CC"
"E05CD","???-E05CD"
"E05CE","???-E05CE"
"E05CF","???-E05CF"
"E05D0","???-E05D0"
"E05D1","???-E05D1"
"E05D2","???-E05D2"
"E05D3","???-E05D3"
"E05D4","???-E05D4"
"E05D5","???-E05D5"
"E05D6","???-E05D6"
"E05D7","???-E05D7"
"E05D8","???-E05D8"
"E05D9","???-E05D9"
"E05DA","???-E05DA"
"E05DB","???-E05DB"
"E05DC","???-E05DC"
"E05DD","???-E05DD"
"E05DE","???-E05DE"
"E05DF","???-E05DF"
"E05E0","???-E05E0"
"E05E1","???-E05E1"
"E05E2","???-E05E2"
"E05E3","???-E05E3"
"E05E4","???-E05E4"
"E05E5","???-E05E5"
"E05E6","???-E05E6"
"E05E7","???-E05E7"
"E05E8","???-E05E8"
"E05E9","???-E05E9"
"E05EA","???-E05EA"
"E05EB","???-E05EB"
"E05EC","???-E05EC"
"E05ED","???-E05ED"
"E05EE","???-E05EE"
"E05EF","???-E05EF"
"E05F0","???-E05F0"
"E05F1","???-E05F1"
"E05F2","???-E05F2"
"E05F3","???-E05F3"
"E05F4","???-E05F4"
"E05F5","???-E05F5"
"E05F6","???-E05F6"
"E05F7","???-E05F7"
"E05F8","???-E05F8"
"E05F9","???-E05F9"
"E05FA","???-E05FA"
"E05FB","???-E05FB"
"E05FC","???-E05FC"
"E05FD","???-E05FD"
"E05FE","???-E05FE"
"E05FF","???-E05FF"
"E0600","???-E0600"
"E0601","???-E0601"
"E0602","???-E0602"
"E0603","???-E0603"
"E0604","???-E0604"
"E0605","???-E0605"
"E0606","???-E0606"
"E0607","???-E0607"
"E0608","???-E0608"
"E0609","???-E0609"
"E060A","???-E060A"
"E060B","???-E060B"
"E060C","???-E060C"
"E060D","???-E060D"
"E060E","???-E060E"
"E060F","???-E060F"
"E0610","???-E0610"
"E0611","???-E0611"
"E0612","???-E0612"
"E0613","???-E0613"
"E0614","???-E0614"
"E0615","???-E0615"
"E0616","???-E0616"
"E0617","???-E0617"
"E0618","???-E0618"
"E0619","???-E0619"
"E061A","???-E061A"
"E061B","???-E061B"
"E061C","???-E061C"
"E061D","???-E061D"
"E061E","???-E061E"
"E061F","???-E061F"
"E0620","???-E0620"
"E0621","???-E0621"
"E0622","???-E0622"
"E0623","???-E0623"
"E0624","???-E0624"
"E0625","???-E0625"
"E0626","???-E0626"
"E0627","???-E0627"
"E0628","???-E0628"
"E0629","???-E0629"
"E062A","???-E062A"
"E062B","???-E062B"
"E062C","???-E062C"
"E062D","???-E062D"
"E062E","???-E062E"
"E062F","???-E062F"
"E0630","???-E0630"
"E0631","???-E0631"
"E0632","???-E0632"
"E0633","???-E0633"
"E0634","???-E0634"
"E0635","???-E0635"
"E0636","???-E0636"
"E0637","???-E0637"
"E0638","???-E0638"
"E0639","???-E0639"
"E063A","???-E063A"
"E063B","???-E063B"
"E063C","???-E063C"
"E063D","???-E063D"
"E063E","???-E063E"
"E063F","???-E063F"
"E0640","???-E0640"
"E0641","???-E0641"
"E0642","???-E0642"
"E0643","???-E0643"
"E0644","???-E0644"
"E0645","???-E0645"
"E0646","???-E0646"
"E0647","???-E0647"
"E0648","???-E0648"
"E0649","???-E0649"
"E064A","???-E064A"
"E064B","???-E064B"
"E064C","???-E064C"
"E064D","???-E064D"
"E064E","???-E064E"
"E064F","???-E064F"
"E0650","???-E0650"
"E0651","???-E0651"
"E0652","???-E0652"
"E0653","???-E0653"
"E0654","???-E0654"
"E0655","???-E0655"
"E0656","???-E0656"
"E0657","???-E0657"
"E0658","???-E0658"
"E0659","???-E0659"
"E065A","???-E065A"
"E065B","???-E065B"
"E065C","???-E065C"
"E065D","???-E065D"
"E065E","???-E065E"
"E065F","???-E065F"
"E0660","???-E0660"
"E0661","???-E0661"
"E0662","???-E0662"
"E0663","???-E0663"
"E0664","???-E0664"
"E0665","???-E0665"
"E0666","???-E0666"
"E0667","???-E0667"
"E0668","???-E0668"
"E0669","???-E0669"
"E066A","???-E066A"
"E066B","???-E066B"
"E066C","???-E066C"
"E066D","???-E066D"
"E066E","???-E066E"
"E066F","???-E066F"
"E0670","???-E0670"
"E0671","???-E0671"
"E0672","???-E0672"
"E0673","???-E0673"
"E0674","???-E0674"
"E0675","???-E0675"
"E0676","???-E0676"
"E0677","???-E0677"
"E0678","???-E0678"
"E0679","???-E0679"
"E067A","???-E067A"
"E067B","???-E067B"
"E067C","???-E067C"
"E067D","???-E067D"
"E067E","???-E067E"
"E067F","???-E067F"
"E0680","???-E0680"
"E0681","???-E0681"
"E0682","???-E0682"
"E0683","???-E0683"
"E0684","???-E0684"
"E0685","???-E0685"
"E0686","???-E0686"
"E0687","???-E0687"
"E0688","???-E0688"
"E0689","???-E0689"
"E068A","???-E068A"
"E068B","???-E068B"
"E068C","???-E068C"
"E068D","???-E068D"
"E068E","???-E068E"
"E068F","???-E068F"
"E0690","???-E0690"
"E0691","???-E0691"
"E0692","???-E0692"
"E0693","???-E0693"
"E0694","???-E0694"
"E0695","???-E0695"
"E0696","???-E0696"
"E0697","???-E0697"
"E0698","???-E0698"
"E0699","???-E0699"
"E069A","???-E069A"
"E069B","???-E069B"
"E069C","???-E069C"
"E069D","???-E069D"
"E069E","???-E069E"
"E069F","???-E069F"
"E06A0","???-E06A0"
"E06A1","???-E06A1"
"E06A2","???-E06A2"
"E06A3","???-E06A3"
"E06A4","???-E06A4"
"E06A5","???-E06A5"
"E06A6","???-E06A6"
"E06A7","???-E06A7"
"E06A8","???-E06A8"
"E06A9","???-E06A9"
"E06AA","???-E06AA"
"E06AB","???-E06AB"
"E06AC","???-E06AC"
"E06AD","???-E06AD"
"E06AE","???-E06AE"
"E06AF","???-E06AF"
"E06B0","???-E06B0"
"E06B1","???-E06B1"
"E06B2","???-E06B2"
"E06B3","???-E06B3"
"E06B4","???-E06B4"
"E06B5","???-E06B5"
"E06B6","???-E06B6"
"E06B7","???-E06B7"
"E06B8","???-E06B8"
"E06B9","???-E06B9"
"E06BA","???-E06BA"
"E06BB","???-E06BB"
"E06BC","???-E06BC"
"E06BD","???-E06BD"
"E06BE","???-E06BE"
"E06BF","???-E06BF"
"E06C0","???-E06C0"
"E06C1","???-E06C1"
"E06C2","???-E06C2"
"E06C3","???-E06C3"
"E06C4","???-E06C4"
"E06C5","???-E06C5"
"E06C6","???-E06C6"
"E06C7","???-E06C7"
"E06C8","???-E06C8"
"E06C9","???-E06C9"
"E06CA","???-E06CA"
"E06CB","???-E06CB"
"E06CC","???-E06CC"
"E06CD","???-E06CD"
"E06CE","???-E06CE"
"E06CF","???-E06CF"
"E06D0","???-E06D0"
"E06D1","???-E06D1"
"E06D2","???-E06D2"
"E06D3","???-E06D3"
"E06D4","???-E06D4"
"E06D5","???-E06D5"
"E06D6","???-E06D6"
"E06D7","???-E06D7"
"E06D8","???-E06D8"
"E06D9","???-E06D9"
"E06DA","???-E06DA"
"E06DB","???-E06DB"
"E06DC","???-E06DC"
"E06DD","???-E06DD"
"E06DE","???-E06DE"
"E06DF","???-E06DF"
"E06E0","???-E06E0"
"E06E1","???-E06E1"
"E06E2","???-E06E2"
"E06E3","???-E06E3"
"E06E4","???-E06E4"
"E06E5","???-E06E5"
"E06E6","???-E06E6"
"E06E7","???-E06E7"
"E06E8","???-E06E8"
"E06E9","???-E06E9"
"E06EA","???-E06EA"
"E06EB","???-E06EB"
"E06EC","???-E06EC"
"E06ED","???-E06ED"
"E06EE","???-E06EE"
"E06EF","???-E06EF"
"E06F0","???-E06F0"
"E06F1","???-E06F1"
"E06F2","???-E06F2"
"E06F3","???-E06F3"
"E06F4","???-E06F4"
"E06F5","???-E06F5"
"E06F6","???-E06F6"
"E06F7","???-E06F7"
"E06F8","???-E06F8"
"E06F9","???-E06F9"
"E06FA","???-E06FA"
"E06FB","???-E06FB"
"E06FC","???-E06FC"
"E06FD","???-E06FD"
"E06FE","???-E06FE"
"E06FF","???-E06FF"
"E0700","???-E0700"
"E0701","???-E0701"
"E0702","???-E0702"
"E0703","???-E0703"
"E0704","???-E0704"
"E0705","???-E0705"
"E0706","???-E0706"
"E0707","???-E0707"
"E0708","???-E0708"
"E0709","???-E0709"
"E070A","???-E070A"
"E070B","???-E070B"
"E070C","???-E070C"
"E070D","???-E070D"
"E070E","???-E070E"
"E070F","???-E070F"
"E0710","???-E0710"
"E0711","???-E0711"
"E0712","???-E0712"
"E0713","???-E0713"
"E0714","???-E0714"
"E0715","???-E0715"
"E0716","???-E0716"
"E0717","???-E0717"
"E0718","???-E0718"
"E0719","???-E0719"
"E071A","???-E071A"
"E071B","???-E071B"
"E071C","???-E071C"
"E071D","???-E071D"
"E071E","???-E071E"
"E071F","???-E071F"
"E0720","???-E0720"
"E0721","???-E0721"
"E0722","???-E0722"
"E0723","???-E0723"
"E0724","???-E0724"
"E0725","???-E0725"
"E0726","???-E0726"
"E0727","???-E0727"
"E0728","???-E0728"
"E0729","???-E0729"
"E072A","???-E072A"
"E072B","???-E072B"
"E072C","???-E072C"
"E072D","???-E072D"
"E072E","???-E072E"
"E072F","???-E072F"
"E0730","???-E0730"
"E0731","???-E0731"
"E0732","???-E0732"
"E0733","???-E0733"
"E0734","???-E0734"
"E0735","???-E0735"
"E0736","???-E0736"
"E0737","???-E0737"
"E0738","???-E0738"
"E0739","???-E0739"
"E073A","???-E073A"
"E073B","???-E073B"
"E073C","???-E073C"
"E073D","???-E073D"
"E073E","???-E073E"
"E073F","???-E073F"
"E0740","???-E0740"
"E0741","???-E0741"
"E0742","???-E0742"
"E0743","???-E0743"
"E0744","???-E0744"
"E0745","???-E0745"
"E0746","???-E0746"
"E0747","???-E0747"
"E0748","???-E0748"
"E0749","???-E0749"
"E074A","???-E074A"
"E074B","???-E074B"
"E074C","???-E074C"
"E074D","???-E074D"
"E074E","???-E074E"
"E074F","???-E074F"
"E0750","???-E0750"
"E0751","???-E0751"
"E0752","???-E0752"
"E0753","???-E0753"
"E0754","???-E0754"
"E0755","???-E0755"
"E0756","???-E0756"
"E0757","???-E0757"
"E0758","???-E0758"
"E0759","???-E0759"
"E075A","???-E075A"
"E075B","???-E075B"
"E075C","???-E075C"
"E075D","???-E075D"
"E075E","???-E075E"
"E075F","???-E075F"
"E0760","???-E0760"
"E0761","???-E0761"
"E0762","???-E0762"
"E0763","???-E0763"
"E0764","???-E0764"
"E0765","???-E0765"
"E0766","???-E0766"
"E0767","???-E0767"
"E0768","???-E0768"
"E0769","???-E0769"
"E076A","???-E076A"
"E076B","???-E076B"
"E076C","???-E076C"
"E076D","???-E076D"
"E076E","???-E076E"
"E076F","???-E076F"
"E0770","???-E0770"
"E0771","???-E0771"
"E0772","???-E0772"
"E0773","???-E0773"
"E0774","???-E0774"
"E0775","???-E0775"
"E0776","???-E0776"
"E0777","???-E0777"
"E0778","???-E0778"
"E0779","???-E0779"
"E077A","???-E077A"
"E077B","???-E077B"
"E077C","???-E077C"
"E077D","???-E077D"
"E077E","???-E077E"
"E077F","???-E077F"
"E0780","???-E0780"
"E0781","???-E0781"
"E0782","???-E0782"
"E0783","???-E0783"
"E0784","???-E0784"
"E0785","???-E0785"
"E0786","???-E0786"
"E0787","???-E0787"
"E0788","???-E0788"
"E0789","???-E0789"
"E078A","???-E078A"
"E078B","???-E078B"
"E078C","???-E078C"
"E078D","???-E078D"
"E078E","???-E078E"
"E078F","???-E078F"
"E0790","???-E0790"
"E0791","???-E0791"
"E0792","???-E0792"
"E0793","???-E0793"
"E0794","???-E0794"
"E0795","???-E0795"
"E0796","???-E0796"
"E0797","???-E0797"
"E0798","???-E0798"
"E0799","???-E0799"
"E079A","???-E079A"
"E079B","???-E079B"
"E079C","???-E079C"
"E079D","???-E079D"
"E079E","???-E079E"
"E079F","???-E079F"
"E07A0","???-E07A0"
"E07A1","???-E07A1"
"E07A2","???-E07A2"
"E07A3","???-E07A3"
"E07A4","???-E07A4"
"E07A5","???-E07A5"
"E07A6","???-E07A6"
"E07A7","???-E07A7"
"E07A8","???-E07A8"
"E07A9","???-E07A9"
"E07AA","???-E07AA"
"E07AB","???-E07AB"
"E07AC","???-E07AC"
"E07AD","???-E07AD"
"E07AE","???-E07AE"
"E07AF","???-E07AF"
"E07B0","???-E07B0"
"E07B1","???-E07B1"
"E07B2","???-E07B2"
"E07B3","???-E07B3"
"E07B4","???-E07B4"
"E07B5","???-E07B5"
"E07B6","???-E07B6"
"E07B7","???-E07B7"
"E07B8","???-E07B8"
"E07B9","???-E07B9"
"E07BA","???-E07BA"
"E07BB","???-E07BB"
"E07BC","???-E07BC"
"E07BD","???-E07BD"
"E07BE","???-E07BE"
"E07BF","???-E07BF"
"E07C0","???-E07C0"
"E07C1","???-E07C1"
"E07C2","???-E07C2"
"E07C3","???-E07C3"
"E07C4","???-E07C4"
"E07C5","???-E07C5"
"E07C6","???-E07C6"
"E07C7","???-E07C7"
"E07C8","???-E07C8"
"E07C9","???-E07C9"
"E07CA","???-E07CA"
"E07CB","???-E07CB"
"E07CC","???-E07CC"
"E07CD","???-E07CD"
"E07CE","???-E07CE"
"E07CF","???-E07CF"
"E07D0","???-E07D0"
"E07D1","???-E07D1"
"E07D2","???-E07D2"
"E07D3","???-E07D3"
"E07D4","???-E07D4"
"E07D5","???-E07D5"
"E07D6","???-E07D6"
"E07D7","???-E07D7"
"E07D8","???-E07D8"
"E07D9","???-E07D9"
"E07DA","???-E07DA"
"E07DB","???-E07DB"
"E07DC","???-E07DC"
"E07DD","???-E07DD"
"E07DE","???-E07DE"
"E07DF","???-E07DF"
"E07E0","???-E07E0"
"E07E1","???-E07E1"
"E07E2","???-E07E2"
"E07E3","???-E07E3"
"E07E4","???-E07E4"
"E07E5","???-E07E5"
"E07E6","???-E07E6"
"E07E7","???-E07E7"
"E07E8","???-E07E8"
"E07E9","???-E07E9"
"E07EA","???-E07EA"
"E07EB","???-E07EB"
"E07EC","???-E07EC"
"E07ED","???-E07ED"
"E07EE","???-E07EE"
"E07EF","???-E07EF"
"E07F0","???-E07F0"
"E07F1","???-E07F1"
"E07F2","???-E07F2"
"E07F3","???-E07F3"
"E07F4","???-E07F4"
"E07F5","???-E07F5"
"E07F6","???-E07F6"
"E07F7","???-E07F7"
"E07F8","???-E07F8"
"E07F9","???-E07F9"
"E07FA","???-E07FA"
"E07FB","???-E07FB"
"E07FC","???-E07FC"
"E07FD","???-E07FD"
"E07FE","???-E07FE"
"E07FF","???-E07FF"
"E0800","???-E0800"
"E0801","???-E0801"
"E0802","???-E0802"
"E0803","???-E0803"
"E0804","???-E0804"
"E0805","???-E0805"
"E0806","???-E0806"
"E0807","???-E0807"
"E0808","???-E0808"
"E0809","???-E0809"
"E080A","???-E080A"
"E080B","???-E080B"
"E080C","???-E080C"
"E080D","???-E080D"
"E080E","???-E080E"
"E080F","???-E080F"
"E0810","???-E0810"
"E0811","???-E0811"
"E0812","???-E0812"
"E0813","???-E0813"
"E0814","???-E0814"
"E0815","???-E0815"
"E0816","???-E0816"
"E0817","???-E0817"
"E0818","???-E0818"
"E0819","???-E0819"
"E081A","???-E081A"
"E081B","???-E081B"
"E081C","???-E081C"
"E081D","???-E081D"
"E081E","???-E081E"
"E081F","???-E081F"
"E0820","???-E0820"
"E0821","???-E0821"
"E0822","???-E0822"
"E0823","???-E0823"
"E0824","???-E0824"
"E0825","???-E0825"
"E0826","???-E0826"
"E0827","???-E0827"
"E0828","???-E0828"
"E0829","???-E0829"
"E082A","???-E082A"
"E082B","???-E082B"
"E082C","???-E082C"
"E082D","???-E082D"
"E082E","???-E082E"
"E082F","???-E082F"
"E0830","???-E0830"
"E0831","???-E0831"
"E0832","???-E0832"
"E0833","???-E0833"
"E0834","???-E0834"
"E0835","???-E0835"
"E0836","???-E0836"
"E0837","???-E0837"
"E0838","???-E0838"
"E0839","???-E0839"
"E083A","???-E083A"
"E083B","???-E083B"
"E083C","???-E083C"
"E083D","???-E083D"
"E083E","???-E083E"
"E083F","???-E083F"
"E0840","???-E0840"
"E0841","???-E0841"
"E0842","???-E0842"
"E0843","???-E0843"
"E0844","???-E0844"
"E0845","???-E0845"
"E0846","???-E0846"
"E0847","???-E0847"
"E0848","???-E0848"
"E0849","???-E0849"
"E084A","???-E084A"
"E084B","???-E084B"
"E084C","???-E084C"
"E084D","???-E084D"
"E084E","???-E084E"
"E084F","???-E084F"
"E0850","???-E0850"
"E0851","???-E0851"
"E0852","???-E0852"
"E0853","???-E0853"
"E0854","???-E0854"
"E0855","???-E0855"
"E0856","???-E0856"
"E0857","???-E0857"
"E0858","???-E0858"
"E0859","???-E0859"
"E085A","???-E085A"
"E085B","???-E085B"
"E085C","???-E085C"
"E085D","???-E085D"
"E085E","???-E085E"
"E085F","???-E085F"
"E0860","???-E0860"
"E0861","???-E0861"
"E0862","???-E0862"
"E0863","???-E0863"
"E0864","???-E0864"
"E0865","???-E0865"
"E0866","???-E0866"
"E0867","???-E0867"
"E0868","???-E0868"
"E0869","???-E0869"
"E086A","???-E086A"
"E086B","???-E086B"
"E086C","???-E086C"
"E086D","???-E086D"
"E086E","???-E086E"
"E086F","???-E086F"
"E0870","???-E0870"
"E0871","???-E0871"
"E0872","???-E0872"
"E0873","???-E0873"
"E0874","???-E0874"
"E0875","???-E0875"
"E0876","???-E0876"
"E0877","???-E0877"
"E0878","???-E0878"
"E0879","???-E0879"
"E087A","???-E087A"
"E087B","???-E087B"
"E087C","???-E087C"
"E087D","???-E087D"
"E087E","???-E087E"
"E087F","???-E087F"
"E0880","???-E0880"
"E0881","???-E0881"
"E0882","???-E0882"
"E0883","???-E0883"
"E0884","???-E0884"
"E0885","???-E0885"
"E0886","???-E0886"
"E0887","???-E0887"
"E0888","???-E0888"
"E0889","???-E0889"
"E088A","???-E088A"
"E088B","???-E088B"
"E088C","???-E088C"
"E088D","???-E088D"
"E088E","???-E088E"
"E088F","???-E088F"
"E0890","???-E0890"
"E0891","???-E0891"
"E0892","???-E0892"
"E0893","???-E0893"
"E0894","???-E0894"
"E0895","???-E0895"
"E0896","???-E0896"
"E0897","???-E0897"
"E0898","???-E0898"
"E0899","???-E0899"
"E089A","???-E089A"
"E089B","???-E089B"
"E089C","???-E089C"
"E089D","???-E089D"
"E089E","???-E089E"
"E089F","???-E089F"
"E08A0","???-E08A0"
"E08A1","???-E08A1"
"E08A2","???-E08A2"
"E08A3","???-E08A3"
"E08A4","???-E08A4"
"E08A5","???-E08A5"
"E08A6","???-E08A6"
"E08A7","???-E08A7"
"E08A8","???-E08A8"
"E08A9","???-E08A9"
"E08AA","???-E08AA"
"E08AB","???-E08AB"
"E08AC","???-E08AC"
"E08AD","???-E08AD"
"E08AE","???-E08AE"
"E08AF","???-E08AF"
"E08B0","???-E08B0"
"E08B1","???-E08B1"
"E08B2","???-E08B2"
"E08B3","???-E08B3"
"E08B4","???-E08B4"
"E08B5","???-E08B5"
"E08B6","???-E08B6"
"E08B7","???-E08B7"
"E08B8","???-E08B8"
"E08B9","???-E08B9"
"E08BA","???-E08BA"
"E08BB","???-E08BB"
"E08BC","???-E08BC"
"E08BD","???-E08BD"
"E08BE","???-E08BE"
"E08BF","???-E08BF"
"E08C0","???-E08C0"
"E08C1","???-E08C1"
"E08C2","???-E08C2"
"E08C3","???-E08C3"
"E08C4","???-E08C4"
"E08C5","???-E08C5"
"E08C6","???-E08C6"
"E08C7","???-E08C7"
"E08C8","???-E08C8"
"E08C9","???-E08C9"
"E08CA","???-E08CA"
"E08CB","???-E08CB"
"E08CC","???-E08CC"
"E08CD","???-E08CD"
"E08CE","???-E08CE"
"E08CF","???-E08CF"
"E08D0","???-E08D0"
"E08D1","???-E08D1"
"E08D2","???-E08D2"
"E08D3","???-E08D3"
"E08D4","???-E08D4"
"E08D5","???-E08D5"
"E08D6","???-E08D6"
"E08D7","???-E08D7"
"E08D8","???-E08D8"
"E08D9","???-E08D9"
"E08DA","???-E08DA"
"E08DB","???-E08DB"
"E08DC","???-E08DC"
"E08DD","???-E08DD"
"E08DE","???-E08DE"
"E08DF","???-E08DF"
"E08E0","???-E08E0"
"E08E1","???-E08E1"
"E08E2","???-E08E2"
"E08E3","???-E08E3"
"E08E4","???-E08E4"
"E08E5","???-E08E5"
"E08E6","???-E08E6"
"E08E7","???-E08E7"
"E08E8","???-E08E8"
"E08E9","???-E08E9"
"E08EA","???-E08EA"
"E08EB","???-E08EB"
"E08EC","???-E08EC"
"E08ED","???-E08ED"
"E08EE","???-E08EE"
"E08EF","???-E08EF"
"E08F0","???-E08F0"
"E08F1","???-E08F1"
"E08F2","???-E08F2"
"E08F3","???-E08F3"
"E08F4","???-E08F4"
"E08F5","???-E08F5"
"E08F6","???-E08F6"
"E08F7","???-E08F7"
"E08F8","???-E08F8"
"E08F9","???-E08F9"
"E08FA","???-E08FA"
"E08FB","???-E08FB"
"E08FC","???-E08FC"
"E08FD","???-E08FD"
"E08FE","???-E08FE"
"E08FF","???-E08FF"
"E0900","???-E0900"
"E0901","???-E0901"
"E0902","???-E0902"
"E0903","???-E0903"
"E0904","???-E0904"
"E0905","???-E0905"
"E0906","???-E0906"
"E0907","???-E0907"
"E0908","???-E0908"
"E0909","???-E0909"
"E090A","???-E090A"
"E090B","???-E090B"
"E090C","???-E090C"
"E090D","???-E090D"
"E090E","???-E090E"
"E090F","???-E090F"
"E0910","???-E0910"
"E0911","???-E0911"
"E0912","???-E0912"
"E0913","???-E0913"
"E0914","???-E0914"
"E0915","???-E0915"
"E0916","???-E0916"
"E0917","???-E0917"
"E0918","???-E0918"
"E0919","???-E0919"
"E091A","???-E091A"
"E091B","???-E091B"
"E091C","???-E091C"
"E091D","???-E091D"
"E091E","???-E091E"
"E091F","???-E091F"
"E0920","???-E0920"
"E0921","???-E0921"
"E0922","???-E0922"
"E0923","???-E0923"
"E0924","???-E0924"
"E0925","???-E0925"
"E0926","???-E0926"
"E0927","???-E0927"
"E0928","???-E0928"
"E0929","???-E0929"
"E092A","???-E092A"
"E092B","???-E092B"
"E092C","???-E092C"
"E092D","???-E092D"
"E092E","???-E092E"
"E092F","???-E092F"
"E0930","???-E0930"
"E0931","???-E0931"
"E0932","???-E0932"
"E0933","???-E0933"
"E0934","???-E0934"
"E0935","???-E0935"
"E0936","???-E0936"
"E0937","???-E0937"
"E0938","???-E0938"
"E0939","???-E0939"
"E093A","???-E093A"
"E093B","???-E093B"
"E093C","???-E093C"
"E093D","???-E093D"
"E093E","???-E093E"
"E093F","???-E093F"
"E0940","???-E0940"
"E0941","???-E0941"
"E0942","???-E0942"
"E0943","???-E0943"
"E0944","???-E0944"
"E0945","???-E0945"
"E0946","???-E0946"
"E0947","???-E0947"
"E0948","???-E0948"
"E0949","???-E0949"
"E094A","???-E094A"
"E094B","???-E094B"
"E094C","???-E094C"
"E094D","???-E094D"
"E094E","???-E094E"
"E094F","???-E094F"
"E0950","???-E0950"
"E0951","???-E0951"
"E0952","???-E0952"
"E0953","???-E0953"
"E0954","???-E0954"
"E0955","???-E0955"
"E0956","???-E0956"
"E0957","???-E0957"
"E0958","???-E0958"
"E0959","???-E0959"
"E095A","???-E095A"
"E095B","???-E095B"
"E095C","???-E095C"
"E095D","???-E095D"
"E095E","???-E095E"
"E095F","???-E095F"
"E0960","???-E0960"
"E0961","???-E0961"
"E0962","???-E0962"
"E0963","???-E0963"
"E0964","???-E0964"
"E0965","???-E0965"
"E0966","???-E0966"
"E0967","???-E0967"
"E0968","???-E0968"
"E0969","???-E0969"
"E096A","???-E096A"
"E096B","???-E096B"
"E096C","???-E096C"
"E096D","???-E096D"
"E096E","???-E096E"
"E096F","???-E096F"
"E0970","???-E0970"
"E0971","???-E0971"
"E0972","???-E0972"
"E0973","???-E0973"
"E0974","???-E0974"
"E0975","???-E0975"
"E0976","???-E0976"
"E0977","???-E0977"
"E0978","???-E0978"
"E0979","???-E0979"
"E097A","???-E097A"
"E097B","???-E097B"
"E097C","???-E097C"
"E097D","???-E097D"
"E097E","???-E097E"
"E097F","???-E097F"
"E0980","???-E0980"
"E0981","???-E0981"
"E0982","???-E0982"
"E0983","???-E0983"
"E0984","???-E0984"
"E0985","???-E0985"
"E0986","???-E0986"
"E0987","???-E0987"
"E0988","???-E0988"
"E0989","???-E0989"
"E098A","???-E098A"
"E098B","???-E098B"
"E098C","???-E098C"
"E098D","???-E098D"
"E098E","???-E098E"
"E098F","???-E098F"
"E0990","???-E0990"
"E0991","???-E0991"
"E0992","???-E0992"
"E0993","???-E0993"
"E0994","???-E0994"
"E0995","???-E0995"
"E0996","???-E0996"
"E0997","???-E0997"
"E0998","???-E0998"
"E0999","???-E0999"
"E099A","???-E099A"
"E099B","???-E099B"
"E099C","???-E099C"
"E099D","???-E099D"
"E099E","???-E099E"
"E099F","???-E099F"
"E09A0","???-E09A0"
"E09A1","???-E09A1"
"E09A2","???-E09A2"
"E09A3","???-E09A3"
"E09A4","???-E09A4"
"E09A5","???-E09A5"
"E09A6","???-E09A6"
"E09A7","???-E09A7"
"E09A8","???-E09A8"
"E09A9","???-E09A9"
"E09AA","???-E09AA"
"E09AB","???-E09AB"
"E09AC","???-E09AC"
"E09AD","???-E09AD"
"E09AE","???-E09AE"
"E09AF","???-E09AF"
"E09B0","???-E09B0"
"E09B1","???-E09B1"
"E09B2","???-E09B2"
"E09B3","???-E09B3"
"E09B4","???-E09B4"
"E09B5","???-E09B5"
"E09B6","???-E09B6"
"E09B7","???-E09B7"
"E09B8","???-E09B8"
"E09B9","???-E09B9"
"E09BA","???-E09BA"
"E09BB","???-E09BB"
"E09BC","???-E09BC"
"E09BD","???-E09BD"
"E09BE","???-E09BE"
"E09BF","???-E09BF"
"E09C0","???-E09C0"
"E09C1","???-E09C1"
"E09C2","???-E09C2"
"E09C3","???-E09C3"
"E09C4","???-E09C4"
"E09C5","???-E09C5"
"E09C6","???-E09C6"
"E09C7","???-E09C7"
"E09C8","???-E09C8"
"E09C9","???-E09C9"
"E09CA","???-E09CA"
"E09CB","???-E09CB"
"E09CC","???-E09CC"
"E09CD","???-E09CD"
"E09CE","???-E09CE"
"E09CF","???-E09CF"
"E09D0","???-E09D0"
"E09D1","???-E09D1"
"E09D2","???-E09D2"
"E09D3","???-E09D3"
"E09D4","???-E09D4"
"E09D5","???-E09D5"
"E09D6","???-E09D6"
"E09D7","???-E09D7"
"E09D8","???-E09D8"
"E09D9","???-E09D9"
"E09DA","???-E09DA"
"E09DB","???-E09DB"
"E09DC","???-E09DC"
"E09DD","???-E09DD"
"E09DE","???-E09DE"
"E09DF","???-E09DF"
"E09E0","???-E09E0"
"E09E1","???-E09E1"
"E09E2","???-E09E2"
"E09E3","???-E09E3"
"E09E4","???-E09E4"
"E09E5","???-E09E5"
"E09E6","???-E09E6"
"E09E7","???-E09E7"
"E09E8","???-E09E8"
"E09E9","???-E09E9"
"E09EA","???-E09EA"
"E09EB","???-E09EB"
"E09EC","???-E09EC"
"E09ED","???-E09ED"
"E09EE","???-E09EE"
"E09EF","???-E09EF"
"E09F0","???-E09F0"
"E09F1","???-E09F1"
"E09F2","???-E09F2"
"E09F3","???-E09F3"
"E09F4","???-E09F4"
"E09F5","???-E09F5"
"E09F6","???-E09F6"
"E09F7","???-E09F7"
"E09F8","???-E09F8"
"E09F9","???-E09F9"
"E09FA","???-E09FA"
"E09FB","???-E09FB"
"E09FC","???-E09FC"
"E09FD","???-E09FD"
"E09FE","???-E09FE"
"E09FF","???-E09FF"
"E0A00","???-E0A00"
"E0A01","???-E0A01"
"E0A02","???-E0A02"
"E0A03","???-E0A03"
"E0A04","???-E0A04"
"E0A05","???-E0A05"
"E0A06","???-E0A06"
"E0A07","???-E0A07"
"E0A08","???-E0A08"
"E0A09","???-E0A09"
"E0A0A","???-E0A0A"
"E0A0B","???-E0A0B"
"E0A0C","???-E0A0C"
"E0A0D","???-E0A0D"
"E0A0E","???-E0A0E"
"E0A0F","???-E0A0F"
"E0A10","???-E0A10"
"E0A11","???-E0A11"
"E0A12","???-E0A12"
"E0A13","???-E0A13"
"E0A14","???-E0A14"
"E0A15","???-E0A15"
"E0A16","???-E0A16"
"E0A17","???-E0A17"
"E0A18","???-E0A18"
"E0A19","???-E0A19"
"E0A1A","???-E0A1A"
"E0A1B","???-E0A1B"
"E0A1C","???-E0A1C"
"E0A1D","???-E0A1D"
"E0A1E","???-E0A1E"
"E0A1F","???-E0A1F"
"E0A20","???-E0A20"
"E0A21","???-E0A21"
"E0A22","???-E0A22"
"E0A23","???-E0A23"
"E0A24","???-E0A24"
"E0A25","???-E0A25"
"E0A26","???-E0A26"
"E0A27","???-E0A27"
"E0A28","???-E0A28"
"E0A29","???-E0A29"
"E0A2A","???-E0A2A"
"E0A2B","???-E0A2B"
"E0A2C","???-E0A2C"
"E0A2D","???-E0A2D"
"E0A2E","???-E0A2E"
"E0A2F","???-E0A2F"
"E0A30","???-E0A30"
"E0A31","???-E0A31"
"E0A32","???-E0A32"
"E0A33","???-E0A33"
"E0A34","???-E0A34"
"E0A35","???-E0A35"
"E0A36","???-E0A36"
"E0A37","???-E0A37"
"E0A38","???-E0A38"
"E0A39","???-E0A39"
"E0A3A","???-E0A3A"
"E0A3B","???-E0A3B"
"E0A3C","???-E0A3C"
"E0A3D","???-E0A3D"
"E0A3E","???-E0A3E"
"E0A3F","???-E0A3F"
"E0A40","???-E0A40"
"E0A41","???-E0A41"
"E0A42","???-E0A42"
"E0A43","???-E0A43"
"E0A44","???-E0A44"
"E0A45","???-E0A45"
"E0A46","???-E0A46"
"E0A47","???-E0A47"
"E0A48","???-E0A48"
"E0A49","???-E0A49"
"E0A4A","???-E0A4A"
"E0A4B","???-E0A4B"
"E0A4C","???-E0A4C"
"E0A4D","???-E0A4D"
"E0A4E","???-E0A4E"
"E0A4F","???-E0A4F"
"E0A50","???-E0A50"
"E0A51","???-E0A51"
"E0A52","???-E0A52"
"E0A53","???-E0A53"
"E0A54","???-E0A54"
"E0A55","???-E0A55"
"E0A56","???-E0A56"
"E0A57","???-E0A57"
"E0A58","???-E0A58"
"E0A59","???-E0A59"
"E0A5A","???-E0A5A"
"E0A5B","???-E0A5B"
"E0A5C","???-E0A5C"
"E0A5D","???-E0A5D"
"E0A5E","???-E0A5E"
"E0A5F","???-E0A5F"
"E0A60","???-E0A60"
"E0A61","???-E0A61"
"E0A62","???-E0A62"
"E0A63","???-E0A63"
"E0A64","???-E0A64"
"E0A65","???-E0A65"
"E0A66","???-E0A66"
"E0A67","???-E0A67"
"E0A68","???-E0A68"
"E0A69","???-E0A69"
"E0A6A","???-E0A6A"
"E0A6B","???-E0A6B"
"E0A6C","???-E0A6C"
"E0A6D","???-E0A6D"
"E0A6E","???-E0A6E"
"E0A6F","???-E0A6F"
"E0A70","???-E0A70"
"E0A71","???-E0A71"
"E0A72","???-E0A72"
"E0A73","???-E0A73"
"E0A74","???-E0A74"
"E0A75","???-E0A75"
"E0A76","???-E0A76"
"E0A77","???-E0A77"
"E0A78","???-E0A78"
"E0A79","???-E0A79"
"E0A7A","???-E0A7A"
"E0A7B","???-E0A7B"
"E0A7C","???-E0A7C"
"E0A7D","???-E0A7D"
"E0A7E","???-E0A7E"
"E0A7F","???-E0A7F"
"E0A80","???-E0A80"
"E0A81","???-E0A81"
"E0A82","???-E0A82"
"E0A83","???-E0A83"
"E0A84","???-E0A84"
"E0A85","???-E0A85"
"E0A86","???-E0A86"
"E0A87","???-E0A87"
"E0A88","???-E0A88"
"E0A89","???-E0A89"
"E0A8A","???-E0A8A"
"E0A8B","???-E0A8B"
"E0A8C","???-E0A8C"
"E0A8D","???-E0A8D"
"E0A8E","???-E0A8E"
"E0A8F","???-E0A8F"
"E0A90","???-E0A90"
"E0A91","???-E0A91"
"E0A92","???-E0A92"
"E0A93","???-E0A93"
"E0A94","???-E0A94"
"E0A95","???-E0A95"
"E0A96","???-E0A96"
"E0A97","???-E0A97"
"E0A98","???-E0A98"
"E0A99","???-E0A99"
"E0A9A","???-E0A9A"
"E0A9B","???-E0A9B"
"E0A9C","???-E0A9C"
"E0A9D","???-E0A9D"
"E0A9E","???-E0A9E"
"E0A9F","???-E0A9F"
"E0AA0","???-E0AA0"
"E0AA1","???-E0AA1"
"E0AA2","???-E0AA2"
"E0AA3","???-E0AA3"
"E0AA4","???-E0AA4"
"E0AA5","???-E0AA5"
"E0AA6","???-E0AA6"
"E0AA7","???-E0AA7"
"E0AA8","???-E0AA8"
"E0AA9","???-E0AA9"
"E0AAA","???-E0AAA"
"E0AAB","???-E0AAB"
"E0AAC","???-E0AAC"
"E0AAD","???-E0AAD"
"E0AAE","???-E0AAE"
"E0AAF","???-E0AAF"
"E0AB0","???-E0AB0"
"E0AB1","???-E0AB1"
"E0AB2","???-E0AB2"
"E0AB3","???-E0AB3"
"E0AB4","???-E0AB4"
"E0AB5","???-E0AB5"
"E0AB6","???-E0AB6"
"E0AB7","???-E0AB7"
"E0AB8","???-E0AB8"
"E0AB9","???-E0AB9"
"E0ABA","???-E0ABA"
"E0ABB","???-E0ABB"
"E0ABC","???-E0ABC"
"E0ABD","???-E0ABD"
"E0ABE","???-E0ABE"
"E0ABF","???-E0ABF"
"E0AC0","???-E0AC0"
"E0AC1","???-E0AC1"
"E0AC2","???-E0AC2"
"E0AC3","???-E0AC3"
"E0AC4","???-E0AC4"
"E0AC5","???-E0AC5"
"E0AC6","???-E0AC6"
"E0AC7","???-E0AC7"
"E0AC8","???-E0AC8"
"E0AC9","???-E0AC9"
"E0ACA","???-E0ACA"
"E0ACB","???-E0ACB"
"E0ACC","???-E0ACC"
"E0ACD","???-E0ACD"
"E0ACE","???-E0ACE"
"E0ACF","???-E0ACF"
"E0AD0","???-E0AD0"
"E0AD1","???-E0AD1"
"E0AD2","???-E0AD2"
"E0AD3","???-E0AD3"
"E0AD4","???-E0AD4"
"E0AD5","???-E0AD5"
"E0AD6","???-E0AD6"
"E0AD7","???-E0AD7"
"E0AD8","???-E0AD8"
"E0AD9","???-E0AD9"
"E0ADA","???-E0ADA"
"E0ADB","???-E0ADB"
"E0ADC","???-E0ADC"
"E0ADD","???-E0ADD"
"E0ADE","???-E0ADE"
"E0ADF","???-E0ADF"
"E0AE0","???-E0AE0"
"E0AE1","???-E0AE1"
"E0AE2","???-E0AE2"
"E0AE3","???-E0AE3"
"E0AE4","???-E0AE4"
"E0AE5","???-E0AE5"
"E0AE6","???-E0AE6"
"E0AE7","???-E0AE7"
"E0AE8","???-E0AE8"
"E0AE9","???-E0AE9"
"E0AEA","???-E0AEA"
"E0AEB","???-E0AEB"
"E0AEC","???-E0AEC"
"E0AED","???-E0AED"
"E0AEE","???-E0AEE"
"E0AEF","???-E0AEF"
"E0AF0","???-E0AF0"
"E0AF1","???-E0AF1"
"E0AF2","???-E0AF2"
"E0AF3","???-E0AF3"
"E0AF4","???-E0AF4"
"E0AF5","???-E0AF5"
"E0AF6","???-E0AF6"
"E0AF7","???-E0AF7"
"E0AF8","???-E0AF8"
"E0AF9","???-E0AF9"
"E0AFA","???-E0AFA"
"E0AFB","???-E0AFB"
"E0AFC","???-E0AFC"
"E0AFD","???-E0AFD"
"E0AFE","???-E0AFE"
"E0AFF","???-E0AFF"
"E0B00","???-E0B00"
"E0B01","???-E0B01"
"E0B02","???-E0B02"
"E0B03","???-E0B03"
"E0B04","???-E0B04"
"E0B05","???-E0B05"
"E0B06","???-E0B06"
"E0B07","???-E0B07"
"E0B08","???-E0B08"
"E0B09","???-E0B09"
"E0B0A","???-E0B0A"
"E0B0B","???-E0B0B"
"E0B0C","???-E0B0C"
"E0B0D","???-E0B0D"
"E0B0E","???-E0B0E"
"E0B0F","???-E0B0F"
"E0B10","???-E0B10"
"E0B11","???-E0B11"
"E0B12","???-E0B12"
"E0B13","???-E0B13"
"E0B14","???-E0B14"
"E0B15","???-E0B15"
"E0B16","???-E0B16"
"E0B17","???-E0B17"
"E0B18","???-E0B18"
"E0B19","???-E0B19"
"E0B1A","???-E0B1A"
"E0B1B","???-E0B1B"
"E0B1C","???-E0B1C"
"E0B1D","???-E0B1D"
"E0B1E","???-E0B1E"
"E0B1F","???-E0B1F"
"E0B20","???-E0B20"
"E0B21","???-E0B21"
"E0B22","???-E0B22"
"E0B23","???-E0B23"
"E0B24","???-E0B24"
"E0B25","???-E0B25"
"E0B26","???-E0B26"
"E0B27","???-E0B27"
"E0B28","???-E0B28"
"E0B29","???-E0B29"
"E0B2A","???-E0B2A"
"E0B2B","???-E0B2B"
"E0B2C","???-E0B2C"
"E0B2D","???-E0B2D"
"E0B2E","???-E0B2E"
"E0B2F","???-E0B2F"
"E0B30","???-E0B30"
"E0B31","???-E0B31"
"E0B32","???-E0B32"
"E0B33","???-E0B33"
"E0B34","???-E0B34"
"E0B35","???-E0B35"
"E0B36","???-E0B36"
"E0B37","???-E0B37"
"E0B38","???-E0B38"
"E0B39","???-E0B39"
"E0B3A","???-E0B3A"
"E0B3B","???-E0B3B"
"E0B3C","???-E0B3C"
"E0B3D","???-E0B3D"
"E0B3E","???-E0B3E"
"E0B3F","???-E0B3F"
"E0B40","???-E0B40"
"E0B41","???-E0B41"
"E0B42","???-E0B42"
"E0B43","???-E0B43"
"E0B44","???-E0B44"
"E0B45","???-E0B45"
"E0B46","???-E0B46"
"E0B47","???-E0B47"
"E0B48","???-E0B48"
"E0B49","???-E0B49"
"E0B4A","???-E0B4A"
"E0B4B","???-E0B4B"
"E0B4C","???-E0B4C"
"E0B4D","???-E0B4D"
"E0B4E","???-E0B4E"
"E0B4F","???-E0B4F"
"E0B50","???-E0B50"
"E0B51","???-E0B51"
"E0B52","???-E0B52"
"E0B53","???-E0B53"
"E0B54","???-E0B54"
"E0B55","???-E0B55"
"E0B56","???-E0B56"
"E0B57","???-E0B57"
"E0B58","???-E0B58"
"E0B59","???-E0B59"
"E0B5A","???-E0B5A"
"E0B5B","???-E0B5B"
"E0B5C","???-E0B5C"
"E0B5D","???-E0B5D"
"E0B5E","???-E0B5E"
"E0B5F","???-E0B5F"
"E0B60","???-E0B60"
"E0B61","???-E0B61"
"E0B62","???-E0B62"
"E0B63","???-E0B63"
"E0B64","???-E0B64"
"E0B65","???-E0B65"
"E0B66","???-E0B66"
"E0B67","???-E0B67"
"E0B68","???-E0B68"
"E0B69","???-E0B69"
"E0B6A","???-E0B6A"
"E0B6B","???-E0B6B"
"E0B6C","???-E0B6C"
"E0B6D","???-E0B6D"
"E0B6E","???-E0B6E"
"E0B6F","???-E0B6F"
"E0B70","???-E0B70"
"E0B71","???-E0B71"
"E0B72","???-E0B72"
"E0B73","???-E0B73"
"E0B74","???-E0B74"
"E0B75","???-E0B75"
"E0B76","???-E0B76"
"E0B77","???-E0B77"
"E0B78","???-E0B78"
"E0B79","???-E0B79"
"E0B7A","???-E0B7A"
"E0B7B","???-E0B7B"
"E0B7C","???-E0B7C"
"E0B7D","???-E0B7D"
"E0B7E","???-E0B7E"
"E0B7F","???-E0B7F"
"E0B80","???-E0B80"
"E0B81","???-E0B81"
"E0B82","???-E0B82"
"E0B83","???-E0B83"
"E0B84","???-E0B84"
"E0B85","???-E0B85"
"E0B86","???-E0B86"
"E0B87","???-E0B87"
"E0B88","???-E0B88"
"E0B89","???-E0B89"
"E0B8A","???-E0B8A"
"E0B8B","???-E0B8B"
"E0B8C","???-E0B8C"
"E0B8D","???-E0B8D"
"E0B8E","???-E0B8E"
"E0B8F","???-E0B8F"
"E0B90","???-E0B90"
"E0B91","???-E0B91"
"E0B92","???-E0B92"
"E0B93","???-E0B93"
"E0B94","???-E0B94"
"E0B95","???-E0B95"
"E0B96","???-E0B96"
"E0B97","???-E0B97"
"E0B98","???-E0B98"
"E0B99","???-E0B99"
"E0B9A","???-E0B9A"
"E0B9B","???-E0B9B"
"E0B9C","???-E0B9C"
"E0B9D","???-E0B9D"
"E0B9E","???-E0B9E"
"E0B9F","???-E0B9F"
"E0BA0","???-E0BA0"
"E0BA1","???-E0BA1"
"E0BA2","???-E0BA2"
"E0BA3","???-E0BA3"
"E0BA4","???-E0BA4"
"E0BA5","???-E0BA5"
"E0BA6","???-E0BA6"
"E0BA7","???-E0BA7"
"E0BA8","???-E0BA8"
"E0BA9","???-E0BA9"
"E0BAA","???-E0BAA"
"E0BAB","???-E0BAB"
"E0BAC","???-E0BAC"
"E0BAD","???-E0BAD"
"E0BAE","???-E0BAE"
"E0BAF","???-E0BAF"
"E0BB0","???-E0BB0"
"E0BB1","???-E0BB1"
"E0BB2","???-E0BB2"
"E0BB3","???-E0BB3"
"E0BB4","???-E0BB4"
"E0BB5","???-E0BB5"
"E0BB6","???-E0BB6"
"E0BB7","???-E0BB7"
"E0BB8","???-E0BB8"
"E0BB9","???-E0BB9"
"E0BBA","???-E0BBA"
"E0BBB","???-E0BBB"
"E0BBC","???-E0BBC"
"E0BBD","???-E0BBD"
"E0BBE","???-E0BBE"
"E0BBF","???-E0BBF"
"E0BC0","???-E0BC0"
"E0BC1","???-E0BC1"
"E0BC2","???-E0BC2"
"E0BC3","???-E0BC3"
"E0BC4","???-E0BC4"
"E0BC5","???-E0BC5"
"E0BC6","???-E0BC6"
"E0BC7","???-E0BC7"
"E0BC8","???-E0BC8"
"E0BC9","???-E0BC9"
"E0BCA","???-E0BCA"
"E0BCB","???-E0BCB"
"E0BCC","???-E0BCC"
"E0BCD","???-E0BCD"
"E0BCE","???-E0BCE"
"E0BCF","???-E0BCF"
"E0BD0","???-E0BD0"
"E0BD1","???-E0BD1"
"E0BD2","???-E0BD2"
"E0BD3","???-E0BD3"
"E0BD4","???-E0BD4"
"E0BD5","???-E0BD5"
"E0BD6","???-E0BD6"
"E0BD7","???-E0BD7"
"E0BD8","???-E0BD8"
"E0BD9","???-E0BD9"
"E0BDA","???-E0BDA"
"E0BDB","???-E0BDB"
"E0BDC","???-E0BDC"
"E0BDD","???-E0BDD"
"E0BDE","???-E0BDE"
"E0BDF","???-E0BDF"
"E0BE0","???-E0BE0"
"E0BE1","???-E0BE1"
"E0BE2","???-E0BE2"
"E0BE3","???-E0BE3"
"E0BE4","???-E0BE4"
"E0BE5","???-E0BE5"
"E0BE6","???-E0BE6"
"E0BE7","???-E0BE7"
"E0BE8","???-E0BE8"
"E0BE9","???-E0BE9"
"E0BEA","???-E0BEA"
"E0BEB","???-E0BEB"
"E0BEC","???-E0BEC"
"E0BED","???-E0BED"
"E0BEE","???-E0BEE"
"E0BEF","???-E0BEF"
"E0BF0","???-E0BF0"
"E0BF1","???-E0BF1"
"E0BF2","???-E0BF2"
"E0BF3","???-E0BF3"
"E0BF4","???-E0BF4"
"E0BF5","???-E0BF5"
"E0BF6","???-E0BF6"
"E0BF7","???-E0BF7"
"E0BF8","???-E0BF8"
"E0BF9","???-E0BF9"
"E0BFA","???-E0BFA"
"E0BFB","???-E0BFB"
"E0BFC","???-E0BFC"
"E0BFD","???-E0BFD"
"E0BFE","???-E0BFE"
"E0BFF","???-E0BFF"
"E0C00","???-E0C00"
"E0C01","???-E0C01"
"E0C02","???-E0C02"
"E0C03","???-E0C03"
"E0C04","???-E0C04"
"E0C05","???-E0C05"
"E0C06","???-E0C06"
"E0C07","???-E0C07"
"E0C08","???-E0C08"
"E0C09","???-E0C09"
"E0C0A","???-E0C0A"
"E0C0B","???-E0C0B"
"E0C0C","???-E0C0C"
"E0C0D","???-E0C0D"
"E0C0E","???-E0C0E"
"E0C0F","???-E0C0F"
"E0C10","???-E0C10"
"E0C11","???-E0C11"
"E0C12","???-E0C12"
"E0C13","???-E0C13"
"E0C14","???-E0C14"
"E0C15","???-E0C15"
"E0C16","???-E0C16"
"E0C17","???-E0C17"
"E0C18","???-E0C18"
"E0C19","???-E0C19"
"E0C1A","???-E0C1A"
"E0C1B","???-E0C1B"
"E0C1C","???-E0C1C"
"E0C1D","???-E0C1D"
"E0C1E","???-E0C1E"
"E0C1F","???-E0C1F"
"E0C20","???-E0C20"
"E0C21","???-E0C21"
"E0C22","???-E0C22"
"E0C23","???-E0C23"
"E0C24","???-E0C24"
"E0C25","???-E0C25"
"E0C26","???-E0C26"
"E0C27","???-E0C27"
"E0C28","???-E0C28"
"E0C29","???-E0C29"
"E0C2A","???-E0C2A"
"E0C2B","???-E0C2B"
"E0C2C","???-E0C2C"
"E0C2D","???-E0C2D"
"E0C2E","???-E0C2E"
"E0C2F","???-E0C2F"
"E0C30","???-E0C30"
"E0C31","???-E0C31"
"E0C32","???-E0C32"
"E0C33","???-E0C33"
"E0C34","???-E0C34"
"E0C35","???-E0C35"
"E0C36","???-E0C36"
"E0C37","???-E0C37"
"E0C38","???-E0C38"
"E0C39","???-E0C39"
"E0C3A","???-E0C3A"
"E0C3B","???-E0C3B"
"E0C3C","???-E0C3C"
"E0C3D","???-E0C3D"
"E0C3E","???-E0C3E"
"E0C3F","???-E0C3F"
"E0C40","???-E0C40"
"E0C41","???-E0C41"
"E0C42","???-E0C42"
"E0C43","???-E0C43"
"E0C44","???-E0C44"
"E0C45","???-E0C45"
"E0C46","???-E0C46"
"E0C47","???-E0C47"
"E0C48","???-E0C48"
"E0C49","???-E0C49"
"E0C4A","???-E0C4A"
"E0C4B","???-E0C4B"
"E0C4C","???-E0C4C"
"E0C4D","???-E0C4D"
"E0C4E","???-E0C4E"
"E0C4F","???-E0C4F"
"E0C50","???-E0C50"
"E0C51","???-E0C51"
"E0C52","???-E0C52"
"E0C53","???-E0C53"
"E0C54","???-E0C54"
"E0C55","???-E0C55"
"E0C56","???-E0C56"
"E0C57","???-E0C57"
"E0C58","???-E0C58"
"E0C59","???-E0C59"
"E0C5A","???-E0C5A"
"E0C5B","???-E0C5B"
"E0C5C","???-E0C5C"
"E0C5D","???-E0C5D"
"E0C5E","???-E0C5E"
"E0C5F","???-E0C5F"
"E0C60","???-E0C60"
"E0C61","???-E0C61"
"E0C62","???-E0C62"
"E0C63","???-E0C63"
"E0C64","???-E0C64"
"E0C65","???-E0C65"
"E0C66","???-E0C66"
"E0C67","???-E0C67"
"E0C68","???-E0C68"
"E0C69","???-E0C69"
"E0C6A","???-E0C6A"
"E0C6B","???-E0C6B"
"E0C6C","???-E0C6C"
"E0C6D","???-E0C6D"
"E0C6E","???-E0C6E"
"E0C6F","???-E0C6F"
"E0C70","???-E0C70"
"E0C71","???-E0C71"
"E0C72","???-E0C72"
"E0C73","???-E0C73"
"E0C74","???-E0C74"
"E0C75","???-E0C75"
"E0C76","???-E0C76"
"E0C77","???-E0C77"
"E0C78","???-E0C78"
"E0C79","???-E0C79"
"E0C7A","???-E0C7A"
"E0C7B","???-E0C7B"
"E0C7C","???-E0C7C"
"E0C7D","???-E0C7D"
"E0C7E","???-E0C7E"
"E0C7F","???-E0C7F"
"E0C80","???-E0C80"
"E0C81","???-E0C81"
"E0C82","???-E0C82"
"E0C83","???-E0C83"
"E0C84","???-E0C84"
"E0C85","???-E0C85"
"E0C86","???-E0C86"
"E0C87","???-E0C87"
"E0C88","???-E0C88"
"E0C89","???-E0C89"
"E0C8A","???-E0C8A"
"E0C8B","???-E0C8B"
"E0C8C","???-E0C8C"
"E0C8D","???-E0C8D"
"E0C8E","???-E0C8E"
"E0C8F","???-E0C8F"
"E0C90","???-E0C90"
"E0C91","???-E0C91"
"E0C92","???-E0C92"
"E0C93","???-E0C93"
"E0C94","???-E0C94"
"E0C95","???-E0C95"
"E0C96","???-E0C96"
"E0C97","???-E0C97"
"E0C98","???-E0C98"
"E0C99","???-E0C99"
"E0C9A","???-E0C9A"
"E0C9B","???-E0C9B"
"E0C9C","???-E0C9C"
"E0C9D","???-E0C9D"
"E0C9E","???-E0C9E"
"E0C9F","???-E0C9F"
"E0CA0","???-E0CA0"
"E0CA1","???-E0CA1"
"E0CA2","???-E0CA2"
"E0CA3","???-E0CA3"
"E0CA4","???-E0CA4"
"E0CA5","???-E0CA5"
"E0CA6","???-E0CA6"
"E0CA7","???-E0CA7"
"E0CA8","???-E0CA8"
"E0CA9","???-E0CA9"
"E0CAA","???-E0CAA"
"E0CAB","???-E0CAB"
"E0CAC","???-E0CAC"
"E0CAD","???-E0CAD"
"E0CAE","???-E0CAE"
"E0CAF","???-E0CAF"
"E0CB0","???-E0CB0"
"E0CB1","???-E0CB1"
"E0CB2","???-E0CB2"
"E0CB3","???-E0CB3"
"E0CB4","???-E0CB4"
"E0CB5","???-E0CB5"
"E0CB6","???-E0CB6"
"E0CB7","???-E0CB7"
"E0CB8","???-E0CB8"
"E0CB9","???-E0CB9"
"E0CBA","???-E0CBA"
"E0CBB","???-E0CBB"
"E0CBC","???-E0CBC"
"E0CBD","???-E0CBD"
"E0CBE","???-E0CBE"
"E0CBF","???-E0CBF"
"E0CC0","???-E0CC0"
"E0CC1","???-E0CC1"
"E0CC2","???-E0CC2"
"E0CC3","???-E0CC3"
"E0CC4","???-E0CC4"
"E0CC5","???-E0CC5"
"E0CC6","???-E0CC6"
"E0CC7","???-E0CC7"
"E0CC8","???-E0CC8"
"E0CC9","???-E0CC9"
"E0CCA","???-E0CCA"
"E0CCB","???-E0CCB"
"E0CCC","???-E0CCC"
"E0CCD","???-E0CCD"
"E0CCE","???-E0CCE"
"E0CCF","???-E0CCF"
"E0CD0","???-E0CD0"
"E0CD1","???-E0CD1"
"E0CD2","???-E0CD2"
"E0CD3","???-E0CD3"
"E0CD4","???-E0CD4"
"E0CD5","???-E0CD5"
"E0CD6","???-E0CD6"
"E0CD7","???-E0CD7"
"E0CD8","???-E0CD8"
"E0CD9","???-E0CD9"
"E0CDA","???-E0CDA"
"E0CDB","???-E0CDB"
"E0CDC","???-E0CDC"
"E0CDD","???-E0CDD"
"E0CDE","???-E0CDE"
"E0CDF","???-E0CDF"
"E0CE0","???-E0CE0"
"E0CE1","???-E0CE1"
"E0CE2","???-E0CE2"
"E0CE3","???-E0CE3"
"E0CE4","???-E0CE4"
"E0CE5","???-E0CE5"
"E0CE6","???-E0CE6"
"E0CE7","???-E0CE7"
"E0CE8","???-E0CE8"
"E0CE9","???-E0CE9"
"E0CEA","???-E0CEA"
"E0CEB","???-E0CEB"
"E0CEC","???-E0CEC"
"E0CED","???-E0CED"
"E0CEE","???-E0CEE"
"E0CEF","???-E0CEF"
"E0CF0","???-E0CF0"
"E0CF1","???-E0CF1"
"E0CF2","???-E0CF2"
"E0CF3","???-E0CF3"
"E0CF4","???-E0CF4"
"E0CF5","???-E0CF5"
"E0CF6","???-E0CF6"
"E0CF7","???-E0CF7"
"E0CF8","???-E0CF8"
"E0CF9","???-E0CF9"
"E0CFA","???-E0CFA"
"E0CFB","???-E0CFB"
"E0CFC","???-E0CFC"
"E0CFD","???-E0CFD"
"E0CFE","???-E0CFE"
"E0CFF","???-E0CFF"
"E0D00","???-E0D00"
"E0D01","???-E0D01"
"E0D02","???-E0D02"
"E0D03","???-E0D03"
"E0D04","???-E0D04"
"E0D05","???-E0D05"
"E0D06","???-E0D06"
"E0D07","???-E0D07"
"E0D08","???-E0D08"
"E0D09","???-E0D09"
"E0D0A","???-E0D0A"
"E0D0B","???-E0D0B"
"E0D0C","???-E0D0C"
"E0D0D","???-E0D0D"
"E0D0E","???-E0D0E"
"E0D0F","???-E0D0F"
"E0D10","???-E0D10"
"E0D11","???-E0D11"
"E0D12","???-E0D12"
"E0D13","???-E0D13"
"E0D14","???-E0D14"
"E0D15","???-E0D15"
"E0D16","???-E0D16"
"E0D17","???-E0D17"
"E0D18","???-E0D18"
"E0D19","???-E0D19"
"E0D1A","???-E0D1A"
"E0D1B","???-E0D1B"
"E0D1C","???-E0D1C"
"E0D1D","???-E0D1D"
"E0D1E","???-E0D1E"
"E0D1F","???-E0D1F"
"E0D20","???-E0D20"
"E0D21","???-E0D21"
"E0D22","???-E0D22"
"E0D23","???-E0D23"
"E0D24","???-E0D24"
"E0D25","???-E0D25"
"E0D26","???-E0D26"
"E0D27","???-E0D27"
"E0D28","???-E0D28"
"E0D29","???-E0D29"
"E0D2A","???-E0D2A"
"E0D2B","???-E0D2B"
"E0D2C","???-E0D2C"
"E0D2D","???-E0D2D"
"E0D2E","???-E0D2E"
"E0D2F","???-E0D2F"
"E0D30","???-E0D30"
"E0D31","???-E0D31"
"E0D32","???-E0D32"
"E0D33","???-E0D33"
"E0D34","???-E0D34"
"E0D35","???-E0D35"
"E0D36","???-E0D36"
"E0D37","???-E0D37"
"E0D38","???-E0D38"
"E0D39","???-E0D39"
"E0D3A","???-E0D3A"
"E0D3B","???-E0D3B"
"E0D3C","???-E0D3C"
"E0D3D","???-E0D3D"
"E0D3E","???-E0D3E"
"E0D3F","???-E0D3F"
"E0D40","???-E0D40"
"E0D41","???-E0D41"
"E0D42","???-E0D42"
"E0D43","???-E0D43"
"E0D44","???-E0D44"
"E0D45","???-E0D45"
"E0D46","???-E0D46"
"E0D47","???-E0D47"
"E0D48","???-E0D48"
"E0D49","???-E0D49"
"E0D4A","???-E0D4A"
"E0D4B","???-E0D4B"
"E0D4C","???-E0D4C"
"E0D4D","???-E0D4D"
"E0D4E","???-E0D4E"
"E0D4F","???-E0D4F"
"E0D50","???-E0D50"
"E0D51","???-E0D51"
"E0D52","???-E0D52"
"E0D53","???-E0D53"
"E0D54","???-E0D54"
"E0D55","???-E0D55"
"E0D56","???-E0D56"
"E0D57","???-E0D57"
"E0D58","???-E0D58"
"E0D59","???-E0D59"
"E0D5A","???-E0D5A"
"E0D5B","???-E0D5B"
"E0D5C","???-E0D5C"
"E0D5D","???-E0D5D"
"E0D5E","???-E0D5E"
"E0D5F","???-E0D5F"
"E0D60","???-E0D60"
"E0D61","???-E0D61"
"E0D62","???-E0D62"
"E0D63","???-E0D63"
"E0D64","???-E0D64"
"E0D65","???-E0D65"
"E0D66","???-E0D66"
"E0D67","???-E0D67"
"E0D68","???-E0D68"
"E0D69","???-E0D69"
"E0D6A","???-E0D6A"
"E0D6B","???-E0D6B"
"E0D6C","???-E0D6C"
"E0D6D","???-E0D6D"
"E0D6E","???-E0D6E"
"E0D6F","???-E0D6F"
"E0D70","???-E0D70"
"E0D71","???-E0D71"
"E0D72","???-E0D72"
"E0D73","???-E0D73"
"E0D74","???-E0D74"
"E0D75","???-E0D75"
"E0D76","???-E0D76"
"E0D77","???-E0D77"
"E0D78","???-E0D78"
"E0D79","???-E0D79"
"E0D7A","???-E0D7A"
"E0D7B","???-E0D7B"
"E0D7C","???-E0D7C"
"E0D7D","???-E0D7D"
"E0D7E","???-E0D7E"
"E0D7F","???-E0D7F"
"E0D80","???-E0D80"
"E0D81","???-E0D81"
"E0D82","???-E0D82"
"E0D83","???-E0D83"
"E0D84","???-E0D84"
"E0D85","???-E0D85"
"E0D86","???-E0D86"
"E0D87","???-E0D87"
"E0D88","???-E0D88"
"E0D89","???-E0D89"
"E0D8A","???-E0D8A"
"E0D8B","???-E0D8B"
"E0D8C","???-E0D8C"
"E0D8D","???-E0D8D"
"E0D8E","???-E0D8E"
"E0D8F","???-E0D8F"
"E0D90","???-E0D90"
"E0D91","???-E0D91"
"E0D92","???-E0D92"
"E0D93","???-E0D93"
"E0D94","???-E0D94"
"E0D95","???-E0D95"
"E0D96","???-E0D96"
"E0D97","???-E0D97"
"E0D98","???-E0D98"
"E0D99","???-E0D99"
"E0D9A","???-E0D9A"
"E0D9B","???-E0D9B"
"E0D9C","???-E0D9C"
"E0D9D","???-E0D9D"
"E0D9E","???-E0D9E"
"E0D9F","???-E0D9F"
"E0DA0","???-E0DA0"
"E0DA1","???-E0DA1"
"E0DA2","???-E0DA2"
"E0DA3","???-E0DA3"
"E0DA4","???-E0DA4"
"E0DA5","???-E0DA5"
"E0DA6","???-E0DA6"
"E0DA7","???-E0DA7"
"E0DA8","???-E0DA8"
"E0DA9","???-E0DA9"
"E0DAA","???-E0DAA"
"E0DAB","???-E0DAB"
"E0DAC","???-E0DAC"
"E0DAD","???-E0DAD"
"E0DAE","???-E0DAE"
"E0DAF","???-E0DAF"
"E0DB0","???-E0DB0"
"E0DB1","???-E0DB1"
"E0DB2","???-E0DB2"
"E0DB3","???-E0DB3"
"E0DB4","???-E0DB4"
"E0DB5","???-E0DB5"
"E0DB6","???-E0DB6"
"E0DB7","???-E0DB7"
"E0DB8","???-E0DB8"
"E0DB9","???-E0DB9"
"E0DBA","???-E0DBA"
"E0DBB","???-E0DBB"
"E0DBC","???-E0DBC"
"E0DBD","???-E0DBD"
"E0DBE","???-E0DBE"
"E0DBF","???-E0DBF"
"E0DC0","???-E0DC0"
"E0DC1","???-E0DC1"
"E0DC2","???-E0DC2"
"E0DC3","???-E0DC3"
"E0DC4","???-E0DC4"
"E0DC5","???-E0DC5"
"E0DC6","???-E0DC6"
"E0DC7","???-E0DC7"
"E0DC8","???-E0DC8"
"E0DC9","???-E0DC9"
"E0DCA","???-E0DCA"
"E0DCB","???-E0DCB"
"E0DCC","???-E0DCC"
"E0DCD","???-E0DCD"
"E0DCE","???-E0DCE"
"E0DCF","???-E0DCF"
"E0DD0","???-E0DD0"
"E0DD1","???-E0DD1"
"E0DD2","???-E0DD2"
"E0DD3","???-E0DD3"
"E0DD4","???-E0DD4"
"E0DD5","???-E0DD5"
"E0DD6","???-E0DD6"
"E0DD7","???-E0DD7"
"E0DD8","???-E0DD8"
"E0DD9","???-E0DD9"
"E0DDA","???-E0DDA"
"E0DDB","???-E0DDB"
"E0DDC","???-E0DDC"
"E0DDD","???-E0DDD"
"E0DDE","???-E0DDE"
"E0DDF","???-E0DDF"
"E0DE0","???-E0DE0"
"E0DE1","???-E0DE1"
"E0DE2","???-E0DE2"
"E0DE3","???-E0DE3"
"E0DE4","???-E0DE4"
"E0DE5","???-E0DE5"
"E0DE6","???-E0DE6"
"E0DE7","???-E0DE7"
"E0DE8","???-E0DE8"
"E0DE9","???-E0DE9"
"E0DEA","???-E0DEA"
"E0DEB","???-E0DEB"
"E0DEC","???-E0DEC"
"E0DED","???-E0DED"
"E0DEE","???-E0DEE"
"E0DEF","???-E0DEF"
"E0DF0","???-E0DF0"
"E0DF1","???-E0DF1"
"E0DF2","???-E0DF2"
"E0DF3","???-E0DF3"
"E0DF4","???-E0DF4"
"E0DF5","???-E0DF5"
"E0DF6","???-E0DF6"
"E0DF7","???-E0DF7"
"E0DF8","???-E0DF8"
"E0DF9","???-E0DF9"
"E0DFA","???-E0DFA"
"E0DFB","???-E0DFB"
"E0DFC","???-E0DFC"
"E0DFD","???-E0DFD"
"E0DFE","???-E0DFE"
"E0DFF","???-E0DFF"
"E0E00","???-E0E00"
"E0E01","???-E0E01"
"E0E02","???-E0E02"
"E0E03","???-E0E03"
"E0E04","???-E0E04"
"E0E05","???-E0E05"
"E0E06","???-E0E06"
"E0E07","???-E0E07"
"E0E08","???-E0E08"
"E0E09","???-E0E09"
"E0E0A","???-E0E0A"
"E0E0B","???-E0E0B"
"E0E0C","???-E0E0C"
"E0E0D","???-E0E0D"
"E0E0E","???-E0E0E"
"E0E0F","???-E0E0F"
"E0E10","???-E0E10"
"E0E11","???-E0E11"
"E0E12","???-E0E12"
"E0E13","???-E0E13"
"E0E14","???-E0E14"
"E0E15","???-E0E15"
"E0E16","???-E0E16"
"E0E17","???-E0E17"
"E0E18","???-E0E18"
"E0E19","???-E0E19"
"E0E1A","???-E0E1A"
"E0E1B","???-E0E1B"
"E0E1C","???-E0E1C"
"E0E1D","???-E0E1D"
"E0E1E","???-E0E1E"
"E0E1F","???-E0E1F"
"E0E20","???-E0E20"
"E0E21","???-E0E21"
"E0E22","???-E0E22"
"E0E23","???-E0E23"
"E0E24","???-E0E24"
"E0E25","???-E0E25"
"E0E26","???-E0E26"
"E0E27","???-E0E27"
"E0E28","???-E0E28"
"E0E29","???-E0E29"
"E0E2A","???-E0E2A"
"E0E2B","???-E0E2B"
"E0E2C","???-E0E2C"
"E0E2D","???-E0E2D"
"E0E2E","???-E0E2E"
"E0E2F","???-E0E2F"
"E0E30","???-E0E30"
"E0E31","???-E0E31"
"E0E32","???-E0E32"
"E0E33","???-E0E33"
"E0E34","???-E0E34"
"E0E35","???-E0E35"
"E0E36","???-E0E36"
"E0E37","???-E0E37"
"E0E38","???-E0E38"
"E0E39","???-E0E39"
"E0E3A","???-E0E3A"
"E0E3B","???-E0E3B"
"E0E3C","???-E0E3C"
"E0E3D","???-E0E3D"
"E0E3E","???-E0E3E"
"E0E3F","???-E0E3F"
"E0E40","???-E0E40"
"E0E41","???-E0E41"
"E0E42","???-E0E42"
"E0E43","???-E0E43"
"E0E44","???-E0E44"
"E0E45","???-E0E45"
"E0E46","???-E0E46"
"E0E47","???-E0E47"
"E0E48","???-E0E48"
"E0E49","???-E0E49"
"E0E4A","???-E0E4A"
"E0E4B","???-E0E4B"
"E0E4C","???-E0E4C"
"E0E4D","???-E0E4D"
"E0E4E","???-E0E4E"
"E0E4F","???-E0E4F"
"E0E50","???-E0E50"
"E0E51","???-E0E51"
"E0E52","???-E0E52"
"E0E53","???-E0E53"
"E0E54","???-E0E54"
"E0E55","???-E0E55"
"E0E56","???-E0E56"
"E0E57","???-E0E57"
"E0E58","???-E0E58"
"E0E59","???-E0E59"
"E0E5A","???-E0E5A"
"E0E5B","???-E0E5B"
"E0E5C","???-E0E5C"
"E0E5D","???-E0E5D"
"E0E5E","???-E0E5E"
"E0E5F","???-E0E5F"
"E0E60","???-E0E60"
"E0E61","???-E0E61"
"E0E62","???-E0E62"
"E0E63","???-E0E63"
"E0E64","???-E0E64"
"E0E65","???-E0E65"
"E0E66","???-E0E66"
"E0E67","???-E0E67"
"E0E68","???-E0E68"
"E0E69","???-E0E69"
"E0E6A","???-E0E6A"
"E0E6B","???-E0E6B"
"E0E6C","???-E0E6C"
"E0E6D","???-E0E6D"
"E0E6E","???-E0E6E"
"E0E6F","???-E0E6F"
"E0E70","???-E0E70"
"E0E71","???-E0E71"
"E0E72","???-E0E72"
"E0E73","???-E0E73"
"E0E74","???-E0E74"
"E0E75","???-E0E75"
"E0E76","???-E0E76"
"E0E77","???-E0E77"
"E0E78","???-E0E78"
"E0E79","???-E0E79"
"E0E7A","???-E0E7A"
"E0E7B","???-E0E7B"
"E0E7C","???-E0E7C"
"E0E7D","???-E0E7D"
"E0E7E","???-E0E7E"
"E0E7F","???-E0E7F"
"E0E80","???-E0E80"
"E0E81","???-E0E81"
"E0E82","???-E0E82"
"E0E83","???-E0E83"
"E0E84","???-E0E84"
"E0E85","???-E0E85"
"E0E86","???-E0E86"
"E0E87","???-E0E87"
"E0E88","???-E0E88"
"E0E89","???-E0E89"
"E0E8A","???-E0E8A"
"E0E8B","???-E0E8B"
"E0E8C","???-E0E8C"
"E0E8D","???-E0E8D"
"E0E8E","???-E0E8E"
"E0E8F","???-E0E8F"
"E0E90","???-E0E90"
"E0E91","???-E0E91"
"E0E92","???-E0E92"
"E0E93","???-E0E93"
"E0E94","???-E0E94"
"E0E95","???-E0E95"
"E0E96","???-E0E96"
"E0E97","???-E0E97"
"E0E98","???-E0E98"
"E0E99","???-E0E99"
"E0E9A","???-E0E9A"
"E0E9B","???-E0E9B"
"E0E9C","???-E0E9C"
"E0E9D","???-E0E9D"
"E0E9E","???-E0E9E"
"E0E9F","???-E0E9F"
"E0EA0","???-E0EA0"
"E0EA1","???-E0EA1"
"E0EA2","???-E0EA2"
"E0EA3","???-E0EA3"
"E0EA4","???-E0EA4"
"E0EA5","???-E0EA5"
"E0EA6","???-E0EA6"
"E0EA7","???-E0EA7"
"E0EA8","???-E0EA8"
"E0EA9","???-E0EA9"
"E0EAA","???-E0EAA"
"E0EAB","???-E0EAB"
"E0EAC","???-E0EAC"
"E0EAD","???-E0EAD"
"E0EAE","???-E0EAE"
"E0EAF","???-E0EAF"
"E0EB0","???-E0EB0"
"E0EB1","???-E0EB1"
"E0EB2","???-E0EB2"
"E0EB3","???-E0EB3"
"E0EB4","???-E0EB4"
"E0EB5","???-E0EB5"
"E0EB6","???-E0EB6"
"E0EB7","???-E0EB7"
"E0EB8","???-E0EB8"
"E0EB9","???-E0EB9"
"E0EBA","???-E0EBA"
"E0EBB","???-E0EBB"
"E0EBC","???-E0EBC"
"E0EBD","???-E0EBD"
"E0EBE","???-E0EBE"
"E0EBF","???-E0EBF"
"E0EC0","???-E0EC0"
"E0EC1","???-E0EC1"
"E0EC2","???-E0EC2"
"E0EC3","???-E0EC3"
"E0EC4","???-E0EC4"
"E0EC5","???-E0EC5"
"E0EC6","???-E0EC6"
"E0EC7","???-E0EC7"
"E0EC8","???-E0EC8"
"E0EC9","???-E0EC9"
"E0ECA","???-E0ECA"
"E0ECB","???-E0ECB"
"E0ECC","???-E0ECC"
"E0ECD","???-E0ECD"
"E0ECE","???-E0ECE"
"E0ECF","???-E0ECF"
"E0ED0","???-E0ED0"
"E0ED1","???-E0ED1"
"E0ED2","???-E0ED2"
"E0ED3","???-E0ED3"
"E0ED4","???-E0ED4"
"E0ED5","???-E0ED5"
"E0ED6","???-E0ED6"
"E0ED7","???-E0ED7"
"E0ED8","???-E0ED8"
"E0ED9","???-E0ED9"
"E0EDA","???-E0EDA"
"E0EDB","???-E0EDB"
"E0EDC","???-E0EDC"
"E0EDD","???-E0EDD"
"E0EDE","???-E0EDE"
"E0EDF","???-E0EDF"
"E0EE0","???-E0EE0"
"E0EE1","???-E0EE1"
"E0EE2","???-E0EE2"
"E0EE3","???-E0EE3"
"E0EE4","???-E0EE4"
"E0EE5","???-E0EE5"
"E0EE6","???-E0EE6"
"E0EE7","???-E0EE7"
"E0EE8","???-E0EE8"
"E0EE9","???-E0EE9"
"E0EEA","???-E0EEA"
"E0EEB","???-E0EEB"
"E0EEC","???-E0EEC"
"E0EED","???-E0EED"
"E0EEE","???-E0EEE"
"E0EEF","???-E0EEF"
"E0EF0","???-E0EF0"
"E0EF1","???-E0EF1"
"E0EF2","???-E0EF2"
"E0EF3","???-E0EF3"
"E0EF4","???-E0EF4"
"E0EF5","???-E0EF5"
"E0EF6","???-E0EF6"
"E0EF7","???-E0EF7"
"E0EF8","???-E0EF8"
"E0EF9","???-E0EF9"
"E0EFA","???-E0EFA"
"E0EFB","???-E0EFB"
"E0EFC","???-E0EFC"
"E0EFD","???-E0EFD"
"E0EFE","???-E0EFE"
"E0EFF","???-E0EFF"
"E0F00","???-E0F00"
"E0F01","???-E0F01"
"E0F02","???-E0F02"
"E0F03","???-E0F03"
"E0F04","???-E0F04"
"E0F05","???-E0F05"
"E0F06","???-E0F06"
"E0F07","???-E0F07"
"E0F08","???-E0F08"
"E0F09","???-E0F09"
"E0F0A","???-E0F0A"
"E0F0B","???-E0F0B"
"E0F0C","???-E0F0C"
"E0F0D","???-E0F0D"
"E0F0E","???-E0F0E"
"E0F0F","???-E0F0F"
"E0F10","???-E0F10"
"E0F11","???-E0F11"
"E0F12","???-E0F12"
"E0F13","???-E0F13"
"E0F14","???-E0F14"
"E0F15","???-E0F15"
"E0F16","???-E0F16"
"E0F17","???-E0F17"
"E0F18","???-E0F18"
"E0F19","???-E0F19"
"E0F1A","???-E0F1A"
"E0F1B","???-E0F1B"
"E0F1C","???-E0F1C"
"E0F1D","???-E0F1D"
"E0F1E","???-E0F1E"
"E0F1F","???-E0F1F"
"E0F20","???-E0F20"
"E0F21","???-E0F21"
"E0F22","???-E0F22"
"E0F23","???-E0F23"
"E0F24","???-E0F24"
"E0F25","???-E0F25"
"E0F26","???-E0F26"
"E0F27","???-E0F27"
"E0F28","???-E0F28"
"E0F29","???-E0F29"
"E0F2A","???-E0F2A"
"E0F2B","???-E0F2B"
"E0F2C","???-E0F2C"
"E0F2D","???-E0F2D"
"E0F2E","???-E0F2E"
"E0F2F","???-E0F2F"
"E0F30","???-E0F30"
"E0F31","???-E0F31"
"E0F32","???-E0F32"
"E0F33","???-E0F33"
"E0F34","???-E0F34"
"E0F35","???-E0F35"
"E0F36","???-E0F36"
"E0F37","???-E0F37"
"E0F38","???-E0F38"
"E0F39","???-E0F39"
"E0F3A","???-E0F3A"
"E0F3B","???-E0F3B"
"E0F3C","???-E0F3C"
"E0F3D","???-E0F3D"
"E0F3E","???-E0F3E"
"E0F3F","???-E0F3F"
"E0F40","???-E0F40"
"E0F41","???-E0F41"
"E0F42","???-E0F42"
"E0F43","???-E0F43"
"E0F44","???-E0F44"
"E0F45","???-E0F45"
"E0F46","???-E0F46"
"E0F47","???-E0F47"
"E0F48","???-E0F48"
"E0F49","???-E0F49"
"E0F4A","???-E0F4A"
"E0F4B","???-E0F4B"
"E0F4C","???-E0F4C"
"E0F4D","???-E0F4D"
"E0F4E","???-E0F4E"
"E0F4F","???-E0F4F"
"E0F50","???-E0F50"
"E0F51","???-E0F51"
"E0F52","???-E0F52"
"E0F53","???-E0F53"
"E0F54","???-E0F54"
"E0F55","???-E0F55"
"E0F56","???-E0F56"
"E0F57","???-E0F57"
"E0F58","???-E0F58"
"E0F59","???-E0F59"
"E0F5A","???-E0F5A"
"E0F5B","???-E0F5B"
"E0F5C","???-E0F5C"
"E0F5D","???-E0F5D"
"E0F5E","???-E0F5E"
"E0F5F","???-E0F5F"
"E0F60","???-E0F60"
"E0F61","???-E0F61"
"E0F62","???-E0F62"
"E0F63","???-E0F63"
"E0F64","???-E0F64"
"E0F65","???-E0F65"
"E0F66","???-E0F66"
"E0F67","???-E0F67"
"E0F68","???-E0F68"
"E0F69","???-E0F69"
"E0F6A","???-E0F6A"
"E0F6B","???-E0F6B"
"E0F6C","???-E0F6C"
"E0F6D","???-E0F6D"
"E0F6E","???-E0F6E"
"E0F6F","???-E0F6F"
"E0F70","???-E0F70"
"E0F71","???-E0F71"
"E0F72","???-E0F72"
"E0F73","???-E0F73"
"E0F74","???-E0F74"
"E0F75","???-E0F75"
"E0F76","???-E0F76"
"E0F77","???-E0F77"
"E0F78","???-E0F78"
"E0F79","???-E0F79"
"E0F7A","???-E0F7A"
"E0F7B","???-E0F7B"
"E0F7C","???-E0F7C"
"E0F7D","???-E0F7D"
"E0F7E","???-E0F7E"
"E0F7F","???-E0F7F"
"E0F80","???-E0F80"
"E0F81","???-E0F81"
"E0F82","???-E0F82"
"E0F83","???-E0F83"
"E0F84","???-E0F84"
"E0F85","???-E0F85"
"E0F86","???-E0F86"
"E0F87","???-E0F87"
"E0F88","???-E0F88"
"E0F89","???-E0F89"
"E0F8A","???-E0F8A"
"E0F8B","???-E0F8B"
"E0F8C","???-E0F8C"
"E0F8D","???-E0F8D"
"E0F8E","???-E0F8E"
"E0F8F","???-E0F8F"
"E0F90","???-E0F90"
"E0F91","???-E0F91"
"E0F92","???-E0F92"
"E0F93","???-E0F93"
"E0F94","???-E0F94"
"E0F95","???-E0F95"
"E0F96","???-E0F96"
"E0F97","???-E0F97"
"E0F98","???-E0F98"
"E0F99","???-E0F99"
"E0F9A","???-E0F9A"
"E0F9B","???-E0F9B"
"E0F9C","???-E0F9C"
"E0F9D","???-E0F9D"
"E0F9E","???-E0F9E"
"E0F9F","???-E0F9F"
"E0FA0","???-E0FA0"
"E0FA1","???-E0FA1"
"E0FA2","???-E0FA2"
"E0FA3","???-E0FA3"
"E0FA4","???-E0FA4"
"E0FA5","???-E0FA5"
"E0FA6","???-E0FA6"
"E0FA7","???-E0FA7"
"E0FA8","???-E0FA8"
"E0FA9","???-E0FA9"
"E0FAA","???-E0FAA"
"E0FAB","???-E0FAB"
"E0FAC","???-E0FAC"
"E0FAD","???-E0FAD"
"E0FAE","???-E0FAE"
"E0FAF","???-E0FAF"
"E0FB0","???-E0FB0"
"E0FB1","???-E0FB1"
"E0FB2","???-E0FB2"
"E0FB3","???-E0FB3"
"E0FB4","???-E0FB4"
"E0FB5","???-E0FB5"
"E0FB6","???-E0FB6"
"E0FB7","???-E0FB7"
"E0FB8","???-E0FB8"
"E0FB9","???-E0FB9"
"E0FBA","???-E0FBA"
"E0FBB","???-E0FBB"
"E0FBC","???-E0FBC"
"E0FBD","???-E0FBD"
"E0FBE","???-E0FBE"
"E0FBF","???-E0FBF"
"E0FC0","???-E0FC0"
"E0FC1","???-E0FC1"
"E0FC2","???-E0FC2"
"E0FC3","???-E0FC3"
"E0FC4","???-E0FC4"
"E0FC5","???-E0FC5"
"E0FC6","???-E0FC6"
"E0FC7","???-E0FC7"
"E0FC8","???-E0FC8"
"E0FC9","???-E0FC9"
"E0FCA","???-E0FCA"
"E0FCB","???-E0FCB"
"E0FCC","???-E0FCC"
"E0FCD","???-E0FCD"
"E0FCE","???-E0FCE"
"E0FCF","???-E0FCF"
"E0FD0","???-E0FD0"
"E0FD1","???-E0FD1"
"E0FD2","???-E0FD2"
"E0FD3","???-E0FD3"
"E0FD4","???-E0FD4"
"E0FD5","???-E0FD5"
"E0FD6","???-E0FD6"
"E0FD7","???-E0FD7"
"E0FD8","???-E0FD8"
"E0FD9","???-E0FD9"
"E0FDA","???-E0FDA"
"E0FDB","???-E0FDB"
"E0FDC","???-E0FDC"
"E0FDD","???-E0FDD"
"E0FDE","???-E0FDE"
"E0FDF","???-E0FDF"
"E0FE0","???-E0FE0"
"E0FE1","???-E0FE1"
"E0FE2","???-E0FE2"
"E0FE3","???-E0FE3"
"E0FE4","???-E0FE4"
"E0FE5","???-E0FE5"
"E0FE6","???-E0FE6"
"E0FE7","???-E0FE7"
"E0FE8","???-E0FE8"
"E0FE9","???-E0FE9"
"E0FEA","???-E0FEA"
"E0FEB","???-E0FEB"
"E0FEC","???-E0FEC"
"E0FED","???-E0FED"
"E0FEE","???-E0FEE"
"E0FEF","???-E0FEF"
"E0FF0","???-E0FF0"
"E0FF1","???-E0FF1"
"E0FF2","???-E0FF2"
"E0FF3","???-E0FF3"
"E0FF4","???-E0FF4"
"E0FF5","???-E0FF5"
"E0FF6","???-E0FF6"
"E0FF7","???-E0FF7"
"E0FF8","???-E0FF8"
"E0FF9","???-E0FF9"
"E0FFA","???-E0FFA"
"E0FFB","???-E0FFB"
"E0FFC","???-E0FFC"
"E0FFD","???-E0FFD"
"E0FFE","???-E0FFE"
"E0FFF","???-E0FFF"