Codepoint,Form,Name
"300","◌̀","COMBINING GRAVE ACCENT"
"301","◌́","COMBINING ACUTE ACCENT"
"302","◌̂","COMBINING CIRCUMFLEX ACCENT"
"303","◌̃","COMBINING TILDE"
"304","◌̄","COMBINING MACRON"
"306","◌̆","COMBINING BREVE"
"307","◌̇","COMBINING DOT ABOVE"
"308","◌̈","COMBINING DIAERESIS"
"30A","◌̊","COMBINING RING ABOVE"
"30C","◌̌","COMBINING CARON"
"327","◌̧","COMBINING CEDILLA"
"328","◌̨","COMBINING OGONEK"
"591","◌֑","HEBREW ACCENT ETNAHTA"
"592","◌֒","HEBREW ACCENT SEGOL"
"593","◌֓","HEBREW ACCENT SHALSHELET"
"594","◌֔","HEBREW ACCENT ZAQEF QATAN"
"595","◌֕","HEBREW ACCENT ZAQEF GADOL"
"596","◌֖","HEBREW ACCENT TIPEHA"
"597","◌֗","HEBREW ACCENT REVIA"
"598","◌֘","HEBREW ACCENT ZARQA"
"599","◌֙","HEBREW ACCENT PASHTA"
"59A","◌֚","HEBREW ACCENT YETIV"
"59B","◌֛","HEBREW ACCENT TEVIR"
"59C","◌֜","HEBREW ACCENT GERESH"
"59D","◌֝","HEBREW ACCENT GERESH MUQDAM"
"59E","◌֞","HEBREW ACCENT GERSHAYIM"
"59F","◌֟","HEBREW ACCENT QARNEY PARA"
"5A0","◌֠","HEBREW ACCENT TELISHA GEDOLA"
"5A1","◌֡","HEBREW ACCENT PAZER"
"5A3","◌֣","HEBREW ACCENT MUNAH"
"5A4","◌֤","HEBREW ACCENT MAHAPAKH"
"5A5","◌֥","HEBREW ACCENT MERKHA"
"5A6","◌֦","HEBREW ACCENT MERKHA KEFULA"
"5A7","◌֧","HEBREW ACCENT DARGA"
"5A8","◌֨","HEBREW ACCENT QADMA"
"5A9","◌֩","HEBREW ACCENT TELISHA QETANA"
"5AA","◌֪","HEBREW ACCENT YERAH BEN YOMO"
"5AB","◌֫","HEBREW ACCENT OLE"
"5AC","◌֬","HEBREW ACCENT ILUY"
"5AD","◌֭","HEBREW ACCENT DEHI"
"5AE","◌֮","HEBREW ACCENT ZINOR"
"5AF","◌֯","HEBREW MARK MASORA CIRCLE"
"5B0","◌ְ","HEBREW POINT SHEVA"
"5B1","◌ֱ","HEBREW POINT HATAF SEGOL"
"5B2","◌ֲ","HEBREW POINT HATAF PATAH"
"5B3","◌ֳ","HEBREW POINT HATAF QAMATS"
"5B4","◌ִ","HEBREW POINT HIRIQ"
"5B5","◌ֵ","HEBREW POINT TSERE"
"5B6","◌ֶ","HEBREW POINT SEGOL"
"5B7","◌ַ","HEBREW POINT PATAH"
"5B8","◌ָ","HEBREW POINT QAMATS"
"5B9","◌ֹ","HEBREW POINT HOLAM"
"5BA","◌ֺ","HEBREW POINT HOLAM HASER FOR VAV"
"5BB","◌ֻ","HEBREW POINT QUBUTS"
"5BC","◌ּ","HEBREW POINT DAGESH OR MAPIQ"
"5BD","◌ֽ","HEBREW POINT METEG"
"5BF","◌ֿ","HEBREW POINT RAFE"
"5C1","◌ׁ","HEBREW POINT SHIN DOT"
"5C2","◌ׂ","HEBREW POINT SIN DOT"
"5C4","◌ׄ","HEBREW MARK UPPER DOT"
"5C7","◌ׇ","HEBREW POINT QAMATS QATAN"
"610","◌ؐ","ARABIC SIGN SALLALLAHOU ALAYHE WASSALLAM"
"611","◌ؑ","ARABIC SIGN ALAYHE ASSALLAM"
"612","◌ؒ","ARABIC SIGN RAHMATULLAH ALAYHE"
"613","◌ؓ","ARABIC SIGN RADI ALLAHOU ANHU"
"614","◌ؔ","ARABIC SIGN TAKHALLUS"
"64B","◌ً","ARABIC FATHATAN"
"64C","◌ٌ","ARABIC DAMMATAN"
"64D","◌ٍ","ARABIC KASRATAN"
"64E","◌َ","ARABIC FATHA"
"64F","◌ُ","ARABIC DAMMA"
"650","◌ِ","ARABIC KASRA"
"651","◌ّ","ARABIC SHADDA"
"652","◌ْ","ARABIC SUKUN"
"653","◌ٓ","ARABIC MADDAH ABOVE"
"654","◌ٔ","ARABIC HAMZA ABOVE"
"655","◌ٕ","ARABIC HAMZA BELOW"
"6E3","◌ۣ","ARABIC SMALL LOW SEEN"
"6EA","◌۪","ARABIC EMPTY CENTRE LOW STOP"
"6EB","◌۫","ARABIC EMPTY CENTRE HIGH STOP"
"6EC","◌۬","ARABIC ROUNDED HIGH STOP WITH FILLED CENTRE"
"6ED","◌ۭ","ARABIC SMALL LOW MEEM"
"730","◌ܰ","SYRIAC PTHAHA ABOVE"
"731","◌ܱ","SYRIAC PTHAHA BELOW"
"732","◌ܲ","SYRIAC PTHAHA DOTTED"
"733","◌ܳ","SYRIAC ZQAPHA ABOVE"
"734","◌ܴ","SYRIAC ZQAPHA BELOW"
"735","◌ܵ","SYRIAC ZQAPHA DOTTED"
"736","◌ܶ","SYRIAC RBASA ABOVE"
"737","◌ܷ","SYRIAC RBASA BELOW"
"738","◌ܸ","SYRIAC DOTTED ZLAMA HORIZONTAL"
"739","◌ܹ","SYRIAC DOTTED ZLAMA ANGULAR"
"73A","◌ܺ","SYRIAC HBASA ABOVE"
"73B","◌ܻ","SYRIAC HBASA BELOW"
"73C","◌ܼ","SYRIAC HBASA-ESASA DOTTED"
"73D","◌ܽ","SYRIAC ESASA ABOVE"
"73E","◌ܾ","SYRIAC ESASA BELOW"
"73F","◌ܿ","SYRIAC RWAHA"
"741","◌݁","SYRIAC QUSHSHAYA"
"742","◌݂","SYRIAC RUKKAKHA"
"743","◌݃","SYRIAC TWO VERTICAL DOTS ABOVE"
"744","◌݄","SYRIAC TWO VERTICAL DOTS BELOW"
"745","◌݅","SYRIAC THREE DOTS ABOVE"
"746","◌݆","SYRIAC THREE DOTS BELOW"
"747","◌݇","SYRIAC OBLIQUE LINE ABOVE"
"748","◌݈","SYRIAC OBLIQUE LINE BELOW"
"749","◌݉","SYRIAC MUSIC"
"74A","◌݊","SYRIAC BARREKH"
"7EB","◌߫","NKO COMBINING SHORT HIGH TONE"
"7EC","◌߬","NKO COMBINING SHORT LOW TONE"
"7ED","◌߭","NKO COMBINING SHORT RISING TONE"
"7EE","◌߮","NKO COMBINING LONG DESCENDING TONE"
"7EF","◌߯","NKO COMBINING LONG HIGH TONE"
"7F0","◌߰","NKO COMBINING LONG LOW TONE"
"7F1","◌߱","NKO COMBINING LONG RISING TONE"
"7F2","◌߲","NKO COMBINING NASALIZATION MARK"
"7F3","◌߳","NKO COMBINING DOUBLE DOT ABOVE"
"7FD","◌߽","NKO DANTAYALAN"
"816","◌ࠖ","SAMARITAN MARK IN"
"817","◌ࠗ","SAMARITAN MARK IN-ALAF"
"818","◌࠘","SAMARITAN MARK OCCLUSION"
"819","◌࠙","SAMARITAN MARK DAGESH"
"81B","◌ࠛ","SAMARITAN MARK EPENTHETIC YUT"
"81C","◌ࠜ","SAMARITAN VOWEL SIGN LONG E"
"81D","◌ࠝ","SAMARITAN VOWEL SIGN E"
"81E","◌ࠞ","SAMARITAN VOWEL SIGN OVERLONG AA"
"81F","◌ࠟ","SAMARITAN VOWEL SIGN LONG AA"
"820","◌ࠠ","SAMARITAN VOWEL SIGN AA"
"821","◌ࠡ","SAMARITAN VOWEL SIGN OVERLONG A"
"822","◌ࠢ","SAMARITAN VOWEL SIGN LONG A"
"823","◌ࠣ","SAMARITAN VOWEL SIGN A"
"825","◌ࠥ","SAMARITAN VOWEL SIGN SHORT A"
"826","◌ࠦ","SAMARITAN VOWEL SIGN LONG U"
"827","◌ࠧ","SAMARITAN VOWEL SIGN U"
"829","◌ࠩ","SAMARITAN VOWEL SIGN LONG I"
"82A","◌ࠪ","SAMARITAN VOWEL SIGN I"
"82B","◌ࠫ","SAMARITAN VOWEL SIGN O"
"82C","◌ࠬ","SAMARITAN VOWEL SIGN SUKUN"
"82D","◌࠭","SAMARITAN MARK NEQUDAA"
"859","◌࡙","MANDAIC AFFRICATION MARK"
"85A","◌࡚","MANDAIC VOCALIZATION MARK"
"85B","◌࡛","MANDAIC GEMINATION MARK"
"899","◌࢙","ARABIC SMALL LOW WORD ISHMAAM"
"89A","◌࢚","ARABIC SMALL LOW WORD IMAALA"
"89B","◌࢛","ARABIC SMALL LOW WORD TASHEEL"
"89C","◌࢜","ARABIC MADDA WAAJIB"
"89E","◌࢞","ARABIC DOUBLED MADDA"
"89F","◌࢟","ARABIC HALF MADDA OVER MADDA"
"8E4","◌ࣤ","ARABIC CURLY FATHA"
"8E5","◌ࣥ","ARABIC CURLY DAMMA"
"8E6","◌ࣦ","ARABIC CURLY KASRA"
"8E7","◌ࣧ","ARABIC CURLY FATHATAN"
"8E8","◌ࣨ","ARABIC CURLY DAMMATAN"
"8E9","◌ࣩ","ARABIC CURLY KASRATAN"
"8EA","◌࣪","ARABIC TONE ONE DOT ABOVE"
"8EB","◌࣫","ARABIC TONE TWO DOTS ABOVE"
"8EC","◌࣬","ARABIC TONE LOOP ABOVE"
"8ED","◌࣭","ARABIC TONE ONE DOT BELOW"
"8EE","◌࣮","ARABIC TONE TWO DOTS BELOW"
"8EF","◌࣯","ARABIC TONE LOOP BELOW"
"8F0","◌ࣰ","ARABIC OPEN FATHATAN"
"8F1","◌ࣱ","ARABIC OPEN DAMMATAN"
"8F2","◌ࣲ","ARABIC OPEN KASRATAN"
"8F4","◌ࣴ","ARABIC FATHA WITH RING"
"8F5","◌ࣵ","ARABIC FATHA WITH DOT ABOVE"
"8F6","◌ࣶ","ARABIC KASRA WITH DOT BELOW"
"8F7","◌ࣷ","ARABIC LEFT ARROWHEAD ABOVE"
"8F8","◌ࣸ","ARABIC RIGHT ARROWHEAD ABOVE"
"8F9","◌ࣹ","ARABIC LEFT ARROWHEAD BELOW"
"8FA","◌ࣺ","ARABIC RIGHT ARROWHEAD BELOW"
"8FB","◌ࣻ","ARABIC DOUBLE RIGHT ARROWHEAD ABOVE"
"8FC","◌ࣼ","ARABIC DOUBLE RIGHT ARROWHEAD ABOVE WITH DOT"
"8FD","◌ࣽ","ARABIC RIGHT ARROWHEAD ABOVE WITH DOT"
"8FE","◌ࣾ","ARABIC DAMMA WITH DOT"
"8FF","◌ࣿ","ARABIC MARK SIDEWAYS NOON GHUNNA"
"93C","◌़","DEVANAGARI SIGN NUKTA"
"94D","◌्","DEVANAGARI SIGN VIRAMA"
"9BC","◌়","BENGALI SIGN NUKTA"
"9BE","◌া","BENGALI VOWEL SIGN AA"
"9CD","◌্","BENGALI SIGN VIRAMA"
"9D7","◌ৗ","BENGALI AU LENGTH MARK"
"9FE","◌৾","BENGALI SANDHI MARK"
"A3C","◌਼","GURMUKHI SIGN NUKTA"
"A4D","◌੍","GURMUKHI SIGN VIRAMA"
"ABC","◌઼","GUJARATI SIGN NUKTA"
"ACD","◌્","GUJARATI SIGN VIRAMA"
"B3C","◌଼","ORIYA SIGN NUKTA"
"B3E","◌ା","ORIYA VOWEL SIGN AA"
"B4D","◌୍","ORIYA SIGN VIRAMA"
"B56","◌ୖ","ORIYA AI LENGTH MARK"
"B57","◌ୗ","ORIYA AU LENGTH MARK"
"BBE","◌ா","TAMIL VOWEL SIGN AA"
"BCD","◌்","TAMIL SIGN VIRAMA"
"BD7","◌ௗ","TAMIL AU LENGTH MARK"
"C3C","◌఼","TELUGU SIGN NUKTA"
"C4D","◌్","TELUGU SIGN VIRAMA"
"C55","◌ౕ","TELUGU LENGTH MARK"
"C56","◌ౖ","TELUGU AI LENGTH MARK"
"CBC","◌಼","KANNADA SIGN NUKTA"
"CC2","◌ೂ","KANNADA VOWEL SIGN UU"
"CCD","◌್","KANNADA SIGN VIRAMA"
"CD5","◌ೕ","KANNADA LENGTH MARK"
"CD6","◌ೖ","KANNADA AI LENGTH MARK"
"D3E","◌ാ","MALAYALAM VOWEL SIGN AA"
"D4D","◌്","MALAYALAM SIGN VIRAMA"
"D57","◌ൗ","MALAYALAM AU LENGTH MARK"
"DCA","◌්","SINHALA SIGN AL-LAKUNA"
"DCF","◌ා","SINHALA VOWEL SIGN AELA-PILLA"
"DDF","◌ෟ","SINHALA VOWEL SIGN GAYANUKITTA"
"E38","◌ุ","THAI CHARACTER SARA U"
"E39","◌ู","THAI CHARACTER SARA UU"
"E3A","◌ฺ","THAI CHARACTER PHINTHU"
"E48","◌่","THAI CHARACTER MAI EK"
"E49","◌้","THAI CHARACTER MAI THO"
"E4A","◌๊","THAI CHARACTER MAI TRI"
"E4B","◌๋","THAI CHARACTER MAI CHATTAWA"
"EB8","◌ຸ","LAO VOWEL SIGN U"
"EB9","◌ູ","LAO VOWEL SIGN UU"
"EBA","◌຺","LAO SIGN PALI VIRAMA"
"EC8","◌່","LAO TONE MAI EK"
"EC9","◌້","LAO TONE MAI THO"
"ECA","◌໊","LAO TONE MAI TI"
"ECB","◌໋","LAO TONE MAI CATAWA"
"F18","◌༘","TIBETAN ASTROLOGICAL SIGN -KHYUD PA"
"F19","◌༙","TIBETAN ASTROLOGICAL SIGN SDONG TSHUGS"
"F35","◌༵","TIBETAN MARK NGAS BZUNG NYI ZLA"
"F37","◌༷","TIBETAN MARK NGAS BZUNG SGOR RTAGS"
"F39","◌༹","TIBETAN MARK TSA -PHRU"
"F71","◌ཱ","TIBETAN VOWEL SIGN AA"
"F72","◌ི","TIBETAN VOWEL SIGN I"
"F74","◌ུ","TIBETAN VOWEL SIGN U"
"F7A","◌ེ","TIBETAN VOWEL SIGN E"
"F7B","◌ཻ","TIBETAN VOWEL SIGN EE"
"F7C","◌ོ","TIBETAN VOWEL SIGN O"
"F7D","◌ཽ","TIBETAN VOWEL SIGN OO"
"F80","◌ྀ","TIBETAN VOWEL SIGN REVERSED I"
"F82","◌ྂ","TIBETAN SIGN NYI ZLA NAA DA"
"F83","◌ྃ","TIBETAN SIGN SNA LDAN"
"F84","◌྄","TIBETAN MARK HALANTA"
"F86","◌྆","TIBETAN SIGN LCI RTAGS"
"F87","◌྇","TIBETAN SIGN YANG RTAGS"
"FC6","◌࿆","TIBETAN SYMBOL PADMA GDAN"
"102E","◌ီ","MYANMAR VOWEL SIGN II"
"1037","◌့","MYANMAR SIGN DOT BELOW"
"1039","◌္","MYANMAR SIGN VIRAMA"
"103A","◌်","MYANMAR SIGN ASAT"
"108D","◌ႍ","MYANMAR SIGN SHAN COUNCIL EMPHATIC TONE"
"1161","ᅡ","HANGUL JUNGSEONG A"
"1162","ᅢ","HANGUL JUNGSEONG AE"
"1163","ᅣ","HANGUL JUNGSEONG YA"
"1164","ᅤ","HANGUL JUNGSEONG YAE"
"1165","ᅥ","HANGUL JUNGSEONG EO"
"1166","ᅦ","HANGUL JUNGSEONG E"
"1167","ᅧ","HANGUL JUNGSEONG YEO"
"1168","ᅨ","HANGUL JUNGSEONG YE"
"1169","ᅩ","HANGUL JUNGSEONG O"
"116A","ᅪ","HANGUL JUNGSEONG WA"
"116B","ᅫ","HANGUL JUNGSEONG WAE"
"116C","ᅬ","HANGUL JUNGSEONG OE"
"116D","ᅭ","HANGUL JUNGSEONG YO"
"116E","ᅮ","HANGUL JUNGSEONG U"
"116F","ᅯ","HANGUL JUNGSEONG WEO"
"1170","ᅰ","HANGUL JUNGSEONG WE"
"1171","ᅱ","HANGUL JUNGSEONG WI"
"1172","ᅲ","HANGUL JUNGSEONG YU"
"1173","ᅳ","HANGUL JUNGSEONG EU"
"1174","ᅴ","HANGUL JUNGSEONG YI"
"1175","ᅵ","HANGUL JUNGSEONG I"
"11A8","ᆨ","HANGUL JONGSEONG KIYEOK"
"11A9","ᆩ","HANGUL JONGSEONG SSANGKIYEOK"
"11AA","ᆪ","HANGUL JONGSEONG KIYEOK-SIOS"
"11AB","ᆫ","HANGUL JONGSEONG NIEUN"
"11AC","ᆬ","HANGUL JONGSEONG NIEUN-CIEUC"
"11AD","ᆭ","HANGUL JONGSEONG NIEUN-HIEUH"
"11AE","ᆮ","HANGUL JONGSEONG TIKEUT"
"11AF","ᆯ","HANGUL JONGSEONG RIEUL"
"11B0","ᆰ","HANGUL JONGSEONG RIEUL-KIYEOK"
"11B1","ᆱ","HANGUL JONGSEONG RIEUL-MIEUM"
"11B2","ᆲ","HANGUL JONGSEONG RIEUL-PIEUP"
"11B3","ᆳ","HANGUL JONGSEONG RIEUL-SIOS"
"11B4","ᆴ","HANGUL JONGSEONG RIEUL-THIEUTH"
"11B5","ᆵ","HANGUL JONGSEONG RIEUL-PHIEUPH"
"11B6","ᆶ","HANGUL JONGSEONG RIEUL-HIEUH"
"11B7","ᆷ","HANGUL JONGSEONG MIEUM"
"11B8","ᆸ","HANGUL JONGSEONG PIEUP"
"11B9","ᆹ","HANGUL JONGSEONG PIEUP-SIOS"
"11BA","ᆺ","HANGUL JONGSEONG SIOS"
"11BB","ᆻ","HANGUL JONGSEONG SSANGSIOS"
"11BC","ᆼ","HANGUL JONGSEONG IEUNG"
"11BD","ᆽ","HANGUL JONGSEONG CIEUC"
"11BE","ᆾ","HANGUL JONGSEONG CHIEUCH"
"11BF","ᆿ","HANGUL JONGSEONG KHIEUKH"
"11C0","ᇀ","HANGUL JONGSEONG THIEUTH"
"11C1","ᇁ","HANGUL JONGSEONG PHIEUPH"
"11C2","ᇂ","HANGUL JONGSEONG HIEUH"
"135D","◌፝","ETHIOPIC COMBINING GEMINATION AND VOWEL LENGTH MARK"
"135E","◌፞","ETHIOPIC COMBINING VOWEL LENGTH MARK"
"135F","◌፟","ETHIOPIC COMBINING GEMINATION MARK"
"1714","◌᜔","TAGALOG SIGN VIRAMA"
"1715","◌᜕","TAGALOG SIGN PAMUDPOD"
"1734","◌᜴","HANUNOO SIGN PAMUDPOD"
"17D2","◌្","KHMER SIGN COENG"
"18A9","◌ᢩ","MONGOLIAN LETTER ALI GALI DAGALGA"
"1939","◌᤹","LIMBU SIGN MUKPHRENG"
"193A","◌᤺","LIMBU SIGN KEMPHRENG"
"193B","◌᤻","LIMBU SIGN SA-I"
"1A17","◌ᨗ","BUGINESE VOWEL SIGN I"
"1A18","◌ᨘ","BUGINESE VOWEL SIGN U"
"1A60","◌᩠","TAI THAM SIGN SAKOT"
"1A75","◌᩵","TAI THAM SIGN TONE-1"
"1A76","◌᩶","TAI THAM SIGN TONE-2"
"1A77","◌᩷","TAI THAM SIGN KHUEN TONE-3"
"1A78","◌᩸","TAI THAM SIGN KHUEN TONE-4"
"1A79","◌᩹","TAI THAM SIGN KHUEN TONE-5"
"1A7A","◌᩺","TAI THAM SIGN RA HAAM"
"1A7B","◌᩻","TAI THAM SIGN MAI SAM"
"1A7C","◌᩼","TAI THAM SIGN KHUEN-LUE KARAN"
"1A7F","◌᩿","TAI THAM COMBINING CRYPTOGRAMMIC DOT"
"1B34","◌᬴","BALINESE SIGN REREKAN"
"1B35","◌ᬵ","BALINESE VOWEL SIGN TEDUNG"
"1B44","◌᭄","BALINESE ADEG ADEG"
"1BAA","◌᮪","SUNDANESE SIGN PAMAAEH"
"1BAB","◌᮫","SUNDANESE SIGN VIRAMA"
"1BE6","◌᯦","BATAK SIGN TOMPI"
"1BF2","◌᯲","BATAK PANGOLAT"
"1BF3","◌᯳","BATAK PANONGONAN"
"1C37","◌᰷","LEPCHA SIGN NUKTA"
"2CEF","◌⳯","COPTIC COMBINING NI ABOVE"
"2CF0","◌⳰","COPTIC COMBINING SPIRITUS ASPER"
"2CF1","◌⳱","COPTIC COMBINING SPIRITUS LENIS"
"2D7F","◌⵿","TIFINAGH CONSONANT JOINER"
"3099","◌゙","COMBINING KATAKANA-HIRAGANA VOICED SOUND MARK"
"309A","◌゚","COMBINING KATAKANA-HIRAGANA SEMI-VOICED SOUND MARK"
"A6F0","◌꛰","BAMUM COMBINING MARK KOQNDON"
"A6F1","◌꛱","BAMUM COMBINING MARK TUKWENTIS"
"A806","◌꠆","SYLOTI NAGRI SIGN HASANTA"
"A82C","◌꠬","SYLOTI NAGRI SIGN ALTERNATE HASANTA"
"A8C4","◌꣄","SAURASHTRA SIGN VIRAMA"
"A92B","◌꤫","KAYAH LI TONE PLOPHU"
"A92C","◌꤬","KAYAH LI TONE CALYA"
"A92D","◌꤭","KAYAH LI TONE CALYA PLOPHU"
"A953","◌꥓","REJANG VIRAMA"
"A9B3","◌꦳","JAVANESE SIGN CECAK TELU"
"A9C0","◌꧀","JAVANESE PANGKON"
"AAB0","◌ꪰ","TAI VIET MAI KANG"
"AAB2","◌ꪲ","TAI VIET VOWEL I"
"AAB3","◌ꪳ","TAI VIET VOWEL UE"
"AAB4","◌ꪴ","TAI VIET VOWEL U"
"AAB7","◌ꪷ","TAI VIET MAI KHIT"
"AAB8","◌ꪸ","TAI VIET VOWEL IA"
"AABE","◌ꪾ","TAI VIET VOWEL AM"
"AABF","◌꪿","TAI VIET TONE MAI EK"
"AAC1","◌꫁","TAI VIET TONE MAI THO"
"AAF6","◌꫶","MEETEI MAYEK VIRAMA"
"ABED","◌꯭","MEETEI MAYEK APUN IYEK"
"FB1E","◌ﬞ","HEBREW POINT JUDEO-SPANISH VARIKA"
"10376","◌𐍶","COMBINING OLD PERMIC LETTER AN"
"10377","◌𐍷","COMBINING OLD PERMIC LETTER DOI"
"10378","◌𐍸","COMBINING OLD PERMIC LETTER ZATA"
"10379","◌𐍹","COMBINING OLD PERMIC LETTER NENOE"
"1037A","◌𐍺","COMBINING OLD PERMIC LETTER SII"
"10A0D","◌𐨍","KHAROSHTHI SIGN DOUBLE RING BELOW"
"10A0F","◌𐨏","KHAROSHTHI SIGN VISARGA"
"10A38","◌𐨸","KHAROSHTHI SIGN BAR ABOVE"
"10A39","◌𐨹","KHAROSHTHI SIGN CAUDA"
"10A3A","◌𐨺","KHAROSHTHI SIGN DOT BELOW"
"10A3F","◌𐨿","KHAROSHTHI VIRAMA"
"10AE5","◌𐫥","MANICHAEAN ABBREVIATION MARK ABOVE"
"10AE6","◌𐫦","MANICHAEAN ABBREVIATION MARK BELOW"
"10D24","◌𐴤","HANIFI ROHINGYA SIGN HARBAHAY"
"10D25","◌𐴥","HANIFI ROHINGYA SIGN TAHALA"
"10D26","◌𐴦","HANIFI ROHINGYA SIGN TANA"
"10D27","◌𐴧","HANIFI ROHINGYA SIGN TASSI"
"10EAB","◌𐺫","YEZIDI COMBINING HAMZA MARK"
"10EAC","◌𐺬","YEZIDI COMBINING MADDA MARK"
"10EFD","◌𐻽","ARABIC SMALL LOW WORD SAKTA"
"10EFE","◌𐻾","ARABIC SMALL LOW WORD QASR"
"10EFF","◌𐻿","ARABIC SMALL LOW WORD MADDA"
"10F46","◌𐽆","SOGDIAN COMBINING DOT BELOW"
"10F47","◌𐽇","SOGDIAN COMBINING TWO DOTS BELOW"
"10F48","◌𐽈","SOGDIAN COMBINING DOT ABOVE"
"10F49","◌𐽉","SOGDIAN COMBINING TWO DOTS ABOVE"
"10F4A","◌𐽊","SOGDIAN COMBINING CURVE ABOVE"
"10F4B","◌𐽋","SOGDIAN COMBINING CURVE BELOW"
"10F4C","◌𐽌","SOGDIAN COMBINING HOOK ABOVE"
"10F4D","◌𐽍","SOGDIAN COMBINING HOOK BELOW"
"10F4E","◌𐽎","SOGDIAN COMBINING LONG HOOK BELOW"
"10F4F","◌𐽏","SOGDIAN COMBINING RESH BELOW"
"10F50","◌𐽐","SOGDIAN COMBINING STROKE BELOW"
"10F82","◌𐾂","OLD UYGHUR COMBINING DOT ABOVE"
"10F83","◌𐾃","OLD UYGHUR COMBINING DOT BELOW"
"10F84","◌𐾄","OLD UYGHUR COMBINING TWO DOTS ABOVE"
"10F85","◌𐾅","OLD UYGHUR COMBINING TWO DOTS BELOW"
"11046","◌𑁆","BRAHMI VIRAMA"
"11070","◌𑁰","BRAHMI SIGN OLD TAMIL VIRAMA"
"1107F","◌𑁿","BRAHMI NUMBER JOINER"
"110B9","◌𑂹","KAITHI SIGN VIRAMA"
"110BA","◌𑂺","KAITHI SIGN NUKTA"
"11100","◌𑄀","CHAKMA SIGN CANDRABINDU"
"11101","◌𑄁","CHAKMA SIGN ANUSVARA"
"11102","◌𑄂","CHAKMA SIGN VISARGA"
"11127","◌𑄧","CHAKMA VOWEL SIGN A"
"11133","◌𑄳","CHAKMA VIRAMA"
"11134","◌𑄴","CHAKMA MAAYYAA"
"11173","◌𑅳","MAHAJANI SIGN NUKTA"
"111C0","◌𑇀","SHARADA SIGN VIRAMA"
"111CA","◌𑇊","SHARADA SIGN NUKTA"
"11235","◌𑈵","KHOJKI SIGN VIRAMA"
"11236","◌𑈶","KHOJKI SIGN NUKTA"
"112E9","◌𑋩","KHUDAWADI SIGN NUKTA"
"112EA","◌𑋪","KHUDAWADI SIGN VIRAMA"
"1133B","◌𑌻","COMBINING BINDU BELOW"
"1133C","◌𑌼","GRANTHA SIGN NUKTA"
"1133E","◌𑌾","GRANTHA VOWEL SIGN AA"
"1134D","◌𑍍","GRANTHA SIGN VIRAMA"
"11357","◌𑍗","GRANTHA AU LENGTH MARK"
"11366","◌𑍦","COMBINING GRANTHA DIGIT ZERO"
"11367","◌𑍧","COMBINING GRANTHA DIGIT ONE"
"11368","◌𑍨","COMBINING GRANTHA DIGIT TWO"
"11369","◌𑍩","COMBINING GRANTHA DIGIT THREE"
"1136A","◌𑍪","COMBINING GRANTHA DIGIT FOUR"
"1136B","◌𑍫","COMBINING GRANTHA DIGIT FIVE"
"1136C","◌𑍬","COMBINING GRANTHA DIGIT SIX"
"11370","◌𑍰","COMBINING GRANTHA LETTER A"
"11371","◌𑍱","COMBINING GRANTHA LETTER KA"
"11372","◌𑍲","COMBINING GRANTHA LETTER NA"
"11373","◌𑍳","COMBINING GRANTHA LETTER VI"
"11374","◌𑍴","COMBINING GRANTHA LETTER PA"
"11442","◌𑑂","NEWA SIGN VIRAMA"
"11446","◌𑑆","NEWA SIGN NUKTA"
"1145E","◌𑑞","NEWA SANDHI MARK"
"114B0","◌𑒰","TIRHUTA VOWEL SIGN AA"
"114BA","◌𑒺","TIRHUTA VOWEL SIGN SHORT E"
"114BD","◌𑒽","TIRHUTA VOWEL SIGN SHORT O"
"114C2","◌𑓂","TIRHUTA SIGN VIRAMA"
"114C3","◌𑓃","TIRHUTA SIGN NUKTA"
"115AF","◌𑖯","SIDDHAM VOWEL SIGN AA"
"115BF","◌𑖿","SIDDHAM SIGN VIRAMA"
"115C0","◌𑗀","SIDDHAM SIGN NUKTA"
"1163F","◌𑘿","MODI SIGN VIRAMA"
"116B6","◌𑚶","TAKRI SIGN VIRAMA"
"116B7","◌𑚷","TAKRI SIGN NUKTA"
"1172B","◌𑜫","AHOM SIGN KILLER"
"11839","◌𑠹","DOGRA SIGN VIRAMA"
"1183A","◌𑠺","DOGRA SIGN NUKTA"
"11930","◌𑤰","DIVES AKURU VOWEL SIGN AA"
"1193D","◌𑤽","DIVES AKURU SIGN HALANTA"
"1193E","◌𑤾","DIVES AKURU VIRAMA"
"11943","◌𑥃","DIVES AKURU SIGN NUKTA"
"119E0","◌𑧠","NANDINAGARI SIGN VIRAMA"
"11A34","◌𑨴","ZANABAZAR SQUARE SIGN VIRAMA"
"11A47","◌𑩇","ZANABAZAR SQUARE SUBJOINER"
"11A99","◌𑪙","SOYOMBO SUBJOINER"
"11C3F","◌𑰿","BHAIKSUKI SIGN VIRAMA"
"11D42","◌𑵂","MASARAM GONDI SIGN NUKTA"
"11D44","◌𑵄","MASARAM GONDI SIGN HALANTA"
"11D45","◌𑵅","MASARAM GONDI VIRAMA"
"11D97","◌𑶗","GUNJALA GONDI VIRAMA"
"11F41","◌𑽁","KAWI SIGN KILLER"
"11F42","◌𑽂","KAWI CONJOINER"
"16AF0","◌𖫰","BASSA VAH COMBINING HIGH TONE"
"16AF1","◌𖫱","BASSA VAH COMBINING LOW TONE"
"16AF2","◌𖫲","BASSA VAH COMBINING MID TONE"
"16AF3","◌𖫳","BASSA VAH COMBINING LOW-MID TONE"
"16AF4","◌𖫴","BASSA VAH COMBINING HIGH-LOW TONE"
"16B30","◌𖬰","PAHAWH HMONG MARK CIM TUB"
"16B31","◌𖬱","PAHAWH HMONG MARK CIM SO"
"16B32","◌𖬲","PAHAWH HMONG MARK CIM KES"
"16B33","◌𖬳","PAHAWH HMONG MARK CIM KHAV"
"16B34","◌𖬴","PAHAWH HMONG MARK CIM SUAM"
"16B35","◌𖬵","PAHAWH HMONG MARK CIM HOM"
"16B36","◌𖬶","PAHAWH HMONG MARK CIM TAUM"
"1BC9E","◌𛲞","DUPLOYAN DOUBLE MARK"
"1E000","◌𞀀","COMBINING GLAGOLITIC LETTER AZU"
"1E001","◌𞀁","COMBINING GLAGOLITIC LETTER BUKY"
"1E002","◌𞀂","COMBINING GLAGOLITIC LETTER VEDE"
"1E003","◌𞀃","COMBINING GLAGOLITIC LETTER GLAGOLI"
"1E004","◌𞀄","COMBINING GLAGOLITIC LETTER DOBRO"
"1E005","◌𞀅","COMBINING GLAGOLITIC LETTER YESTU"
"1E006","◌𞀆","COMBINING GLAGOLITIC LETTER ZHIVETE"
"1E008","◌𞀈","COMBINING GLAGOLITIC LETTER ZEMLJA"
"1E009","◌𞀉","COMBINING GLAGOLITIC LETTER IZHE"
"1E00A","◌𞀊","COMBINING GLAGOLITIC LETTER INITIAL IZHE"
"1E00B","◌𞀋","COMBINING GLAGOLITIC LETTER I"
"1E00C","◌𞀌","COMBINING GLAGOLITIC LETTER DJERVI"
"1E00D","◌𞀍","COMBINING GLAGOLITIC LETTER KAKO"
"1E00E","◌𞀎","COMBINING GLAGOLITIC LETTER LJUDIJE"
"1E00F","◌𞀏","COMBINING GLAGOLITIC LETTER MYSLITE"
"1E010","◌𞀐","COMBINING GLAGOLITIC LETTER NASHI"
"1E011","◌𞀑","COMBINING GLAGOLITIC LETTER ONU"
"1E012","◌𞀒","COMBINING GLAGOLITIC LETTER POKOJI"
"1E013","◌𞀓","COMBINING GLAGOLITIC LETTER RITSI"
"1E014","◌𞀔","COMBINING GLAGOLITIC LETTER SLOVO"
"1E015","◌𞀕","COMBINING GLAGOLITIC LETTER TVRIDO"
"1E016","◌𞀖","COMBINING GLAGOLITIC LETTER UKU"
"1E017","◌𞀗","COMBINING GLAGOLITIC LETTER FRITU"
"1E018","◌𞀘","COMBINING GLAGOLITIC LETTER HERU"
"1E01B","◌𞀛","COMBINING GLAGOLITIC LETTER SHTA"
"1E01C","◌𞀜","COMBINING GLAGOLITIC LETTER TSI"
"1E01D","◌𞀝","COMBINING GLAGOLITIC LETTER CHRIVI"
"1E01E","◌𞀞","COMBINING GLAGOLITIC LETTER SHA"
"1E01F","◌𞀟","COMBINING GLAGOLITIC LETTER YERU"
"1E020","◌𞀠","COMBINING GLAGOLITIC LETTER YERI"
"1E021","◌𞀡","COMBINING GLAGOLITIC LETTER YATI"
"1E023","◌𞀣","COMBINING GLAGOLITIC LETTER YU"
"1E024","◌𞀤","COMBINING GLAGOLITIC LETTER SMALL YUS"
"1E026","◌𞀦","COMBINING GLAGOLITIC LETTER YO"
"1E027","◌𞀧","COMBINING GLAGOLITIC LETTER IOTATED SMALL YUS"
"1E028","◌𞀨","COMBINING GLAGOLITIC LETTER BIG YUS"
"1E029","◌𞀩","COMBINING GLAGOLITIC LETTER IOTATED BIG YUS"
"1E02A","◌𞀪","COMBINING GLAGOLITIC LETTER FITA"
"1E130","◌𞄰","NYIAKENG PUACHUE HMONG TONE-B"
"1E131","◌𞄱","NYIAKENG PUACHUE HMONG TONE-M"
"1E132","◌𞄲","NYIAKENG PUACHUE HMONG TONE-J"
"1E133","◌𞄳","NYIAKENG PUACHUE HMONG TONE-V"
"1E134","◌𞄴","NYIAKENG PUACHUE HMONG TONE-S"
"1E135","◌𞄵","NYIAKENG PUACHUE HMONG TONE-G"
"1E136","◌𞄶","NYIAKENG PUACHUE HMONG TONE-D"
"1E2AE","◌𞊮","TOTO SIGN RISING TONE"
"1E2EC","◌𞋬","WANCHO TONE TUP"
"1E2ED","◌𞋭","WANCHO TONE TUPNI"
"1E2EE","◌𞋮","WANCHO TONE KOI"
"1E2EF","◌𞋯","WANCHO TONE KOINI"
"1E4EC","◌𞓬","NAG MUNDARI SIGN MUHOR"
"1E4ED","◌𞓭","NAG MUNDARI SIGN TOYOR"
"1E4EE","◌𞓮","NAG MUNDARI SIGN IKIR"
"1E4EF","◌𞓯","NAG MUNDARI SIGN SUTUH"
"1E8D0","◌𞣐","MENDE KIKAKUI COMBINING NUMBER TEENS"
"1E8D1","◌𞣑","MENDE KIKAKUI COMBINING NUMBER TENS"
"1E8D2","◌𞣒","MENDE KIKAKUI COMBINING NUMBER HUNDREDS"
"1E8D3","◌𞣓","MENDE KIKAKUI COMBINING NUMBER THOUSANDS"
"1E8D4","◌𞣔","MENDE KIKAKUI COMBINING NUMBER TEN THOUSANDS"
"1E8D5","◌𞣕","MENDE KIKAKUI COMBINING NUMBER HUNDRED THOUSANDS"
"1E8D6","◌𞣖","MENDE KIKAKUI COMBINING NUMBER MILLIONS"
"1E944","◌𞥄","ADLAM ALIF LENGTHENER"
"1E945","◌𞥅","ADLAM VOWEL LENGTHENER"
"1E946","◌𞥆","ADLAM GEMINATION MARK"
"1E947","◌𞥇","ADLAM HAMZA"
"1E948","◌𞥈","ADLAM CONSONANT MODIFIER"
"1E949","◌𞥉","ADLAM GEMINATE CONSONANT MODIFIER"
"1E94A","◌𞥊","ADLAM NUKTA"